-- phpMyAdmin SQL Dump
-- version 5.2.1
-- https://www.phpmyadmin.net/
--
-- Host: 127.0.0.1
-- Generation Time: Mar 05, 2025 at 09:56 AM
-- Server version: 10.4.32-MariaDB
-- PHP Version: 8.1.25

SET SQL_MODE = "NO_AUTO_VALUE_ON_ZERO";
START TRANSACTION;
SET time_zone = "+00:00";


/*!40101 SET @OLD_CHARACTER_SET_CLIENT=@@CHARACTER_SET_CLIENT */;
/*!40101 SET @OLD_CHARACTER_SET_RESULTS=@@CHARACTER_SET_RESULTS */;
/*!40101 SET @OLD_COLLATION_CONNECTION=@@COLLATION_CONNECTION */;
/*!40101 SET NAMES utf8mb4 */;

--
-- Database: `tckmgpc_kmmgwc`
--

-- --------------------------------------------------------

--
-- Table structure for table `addgallery`
--

CREATE TABLE `addgallery` (
  `id` int(11) NOT NULL,
  `gid` int(11) NOT NULL,
  `gname` varchar(100) NOT NULL
) ENGINE=InnoDB DEFAULT CHARSET=utf8mb4 COLLATE=utf8mb4_unicode_ci;

--
-- Dumping data for table `addgallery`
--

INSERT INTO `addgallery` (`id`, `gid`, `gname`) VALUES
(1, 994, 'COLLEGE ACTIVITIES');

-- --------------------------------------------------------

--
-- Table structure for table `addphoto`
--

CREATE TABLE `addphoto` (
  `id` int(11) NOT NULL,
  `gid` int(11) NOT NULL,
  `image` varchar(100) NOT NULL
) ENGINE=InnoDB DEFAULT CHARSET=utf8mb4 COLLATE=utf8mb4_unicode_ci;

--
-- Dumping data for table `addphoto`
--

INSERT INTO `addphoto` (`id`, `gid`, `image`) VALUES
(1, 994, '824IMG-20200223-WA0068.jpg'),
(2, 994, '55IMG_0197.jpg'),
(3, 994, '74IMG-20200223-WA0062.jpg'),
(4, 994, '127association-1.jpg'),
(5, 994, '175IMG_0193.jpg'),
(6, 994, '220IMG_0195.jpg'),
(7, 994, '339IMG_0203.jpg'),
(8, 994, '463association-2.jpg'),
(9, 994, '602IMG_0147.jpg'),
(10, 994, '619IMG_0152.jpg'),
(11, 994, '652IMG_0157.jpg'),
(12, 994, '653IMG_0014-u.jpg'),
(13, 994, '660IMG_0205.jpg'),
(14, 994, '792association-3.jpg'),
(15, 994, '708IMG-20200223-WA0067.jpg'),
(16, 994, '79774488822_1582399918569644_1111680373932163072_o.jpg'),
(22, 994, ''),
(23, 994, 'index.jpg');

-- --------------------------------------------------------

--
-- Table structure for table `calender`
--

CREATE TABLE `calender` (
  `id` int(10) NOT NULL,
  `title` varchar(50) NOT NULL,
  `file` varchar(50) NOT NULL
) ENGINE=InnoDB DEFAULT CHARSET=utf8mb4 COLLATE=utf8mb4_unicode_ci;

--
-- Dumping data for table `calender`
--

INSERT INTO `calender` (`id`, `title`, `file`) VALUES
(2, 'ACADEMIC-CALENDAR-2018-19', 'calender/Academic calendar 2018-19 new.docx'),
(3, 'ACADEMIC-CALENDAR-2019-20', 'calender/ACADEMIC CALENDAR 2019-20.docx'),
(4, 'ACADEMIC CALENDAR 2020-21', 'calender/Academic_calendar-20-21.xlsx'),
(5, 'ACADEMIC CALENDAR 2021-22', 'calender/Academic_calendar-21-22.docx'),
(6, 'kdf', 'calender/96457.png');

-- --------------------------------------------------------

--
-- Table structure for table `department`
--

CREATE TABLE `department` (
  `id` int(11) NOT NULL,
  `department` varchar(50) NOT NULL
) ENGINE=InnoDB DEFAULT CHARSET=latin1 COLLATE=latin1_swedish_ci;

--
-- Dumping data for table `department`
--

INSERT INTO `department` (`id`, `department`) VALUES
(100, 'ENGLISH'),
(101, 'MALAYALAM'),
(102, 'HINDI'),
(103, 'HISTORY'),
(104, 'ECONOMICS'),
(105, 'ZOOLOGY'),
(106, 'MATHEMATICS'),
(107, 'PHYSICS'),
(108, 'CHEMISTRY'),
(109, 'BOTANY'),
(110, 'COMPUTER SCIENCE'),
(111, 'PHYSICAL EDUCATION'),
(112, 'ADMINISTRATOR'),
(113, 'JOURNALISM'),
(114, 'POLITICAL SCIENCE'),
(115, 'Sanskrit'),
(116, 'Statistics'),
(117, 'ARABIC');

-- --------------------------------------------------------

--
-- Table structure for table `latestnews`
--

CREATE TABLE `latestnews` (
  `id` int(11) NOT NULL,
  `headline` varchar(100) NOT NULL,
  `news` tinytext NOT NULL,
  `photo` varchar(50) NOT NULL,
  `date` datetime NOT NULL
) ENGINE=InnoDB DEFAULT CHARSET=utf8mb4 COLLATE=utf8mb4_unicode_ci;

-- --------------------------------------------------------

--
-- Table structure for table `login`
--

CREATE TABLE `login` (
  `id` int(11) NOT NULL,
  `name` varchar(50) NOT NULL,
  `user` varchar(20) NOT NULL,
  `pass` varchar(500) NOT NULL,
  `type` int(11) NOT NULL,
  `email` varchar(50) NOT NULL
) ENGINE=InnoDB DEFAULT CHARSET=latin1 COLLATE=latin1_swedish_ci;

--
-- Dumping data for table `login`
--

INSERT INTO `login` (`id`, `name`, `user`, `pass`, `type`, `email`) VALUES
(1, 'ADMINISTRATOR', 'kmmgwcollege', 'Km@@##mg$$wc##', 112, 'dept@gmail.com'),
(2, 'ENGLISH', 'eng', 'eng123', 100, 'dept@gmail.com'),
(3, 'MALAYALAM', 'mal', 'mal123', 101, 'dept@gmail.com'),
(4, 'HINDI', 'hin', 'hin123', 102, 'dept@gmail.comm'),
(5, 'HISTORY', 'his', 'his123', 103, 'dept@gmail.com'),
(6, 'ECONOMICS', 'eco', 'eco123', 104, 'vidhyakbmtr@gmail.com'),
(7, 'ZOOLOGY', 'zoo', 'zoo123', 105, 'dept@gmail.com'),
(8, 'MATHEMATICS', 'math', 'math123', 106, 'dept@gmail.com'),
(9, 'PHYSICS', 'phy', 'phy123', 107, 'dept@gmail.com'),
(10, 'CHEMISTRY', 'che', 'che123', 108, 'dept@gmail.com'),
(11, 'BOTANY', 'bot', 'bot123', 109, 'dept@gmail.com'),
(12, 'COMPUTER SCIENCE', 'com', 'com123', 110, 'brennencommerce@gmail.com'),
(13, 'PHYSICAL EDUCATION', 'physc', 'physc123', 111, 'dept@gmail.com'),
(15, 'SANSKRIT', 'sanskrit', 'sanskrit123', 115, 'dept@gmail.com'),
(18, 'POLITICAL SCIENCE', 'POLITICALSCIENCE', 'POLITICALSCIENCE123', 114, 'dept@gmail.com'),
(20, 'STATISTICS', 'statistics', 'statistics123', 116, 'dept@gmail.com'),
(21, 'JOURNALISM', 'JOURNALISM', 'JOURNALISM123', 113, 'dept@gmail.com'),
(22, 'ARABIC', 'Arabic', 'Arabic123', 117, 'dept@gmail.com');

-- --------------------------------------------------------

--
-- Table structure for table `result`
--

CREATE TABLE `result` (
  `id` int(11) NOT NULL,
  `depid` int(11) NOT NULL,
  `year` varchar(15) NOT NULL,
  `totalstud` int(11) NOT NULL,
  `pass` int(11) NOT NULL,
  `distinctions` int(11) NOT NULL,
  `first` int(11) NOT NULL,
  `second` int(11) NOT NULL,
  `percentage` varchar(11) NOT NULL
) ENGINE=InnoDB DEFAULT CHARSET=latin1 COLLATE=latin1_swedish_ci;

--
-- Dumping data for table `result`
--

INSERT INTO `result` (`id`, `depid`, `year`, `totalstud`, `pass`, `distinctions`, `first`, `second`, `percentage`) VALUES
(5, 106, '2010-2011', 30, 23, 0, 1, 9, '76.67'),
(6, 106, '2011-2012', 33, 31, 2, 22, 7, '93.93'),
(7, 106, '2012-2013', 30, 18, 5, 9, 3, '60'),
(8, 106, '2013-2014', 40, 35, 7, 24, 4, '87.5'),
(9, 106, '2014-2015', 45, 35, 10, 24, 1, '77.7'),
(10, 104, '2010-2011', 44, 38, 4, 29, 5, '86'),
(11, 104, '2011-2012', 52, 39, 1, 26, 12, '75'),
(12, 104, '2012-2013', 49, 38, 0, 30, 5, '77.55'),
(13, 104, '2013-2014', 51, 37, 1, 21, 13, '72.55'),
(14, 104, '2014-2015', 52, 49, 7, 29, 10, '94.23'),
(15, 104, '2015-2016', 53, 42, 9, 25, 4, '79.25'),
(16, 106, '2015-2016', 45, 38, 11, 21, 6, '84.4'),
(17, 107, '2010-2011', 23, 22, 1, 18, 3, '95.63'),
(18, 107, '2011-2012', 30, 24, 3, 19, 2, '80'),
(19, 107, '2012-2013', 30, 25, 2, 19, 4, '83.33'),
(20, 107, '2013-2014', 32, 18, 1, 14, 3, '62.06'),
(21, 107, '2014-2015', 36, 22, 9, 12, 1, '61.10'),
(22, 107, '2015-2016', 34, 31, 10, 18, 1, '91.1'),
(23, 102, '2010-2011', 27, 26, 1, 11, 15, '96.29'),
(24, 102, '2011-2012', 34, 34, 1, 19, 14, '100'),
(25, 102, '2012-2013', 24, 22, 0, 20, 2, '91.67'),
(26, 102, '2013-2014', 26, 23, 6, 16, 1, '76.92'),
(27, 102, '2014-2015', 30, 29, 0, 8, 21, '96.67'),
(28, 102, '2015-2016', 23, 18, 0, 8, 10, '78.26'),
(29, 108, '2010-2011', 26, 25, 17, 6, 1, '96'),
(30, 108, '2011-2012', 26, 24, 13, 8, 3, '92.3'),
(31, 108, '2012-2013', 25, 22, 13, 8, 3, '88'),
(32, 108, '2013-2014', 33, 32, 13, 16, 3, '96.7'),
(33, 108, '2014-2015', 29, 26, 14, 9, 3, '89.6'),
(34, 108, '2015-2016', 35, 31, 17, 10, 4, '88.57'),
(35, 100, '2010-2011', 21, 19, 0, 11, 8, '90.5'),
(36, 100, '2011-2012', 25, 24, 2, 7, 10, '96.6'),
(37, 105, '2010-2011', 24, 23, 0, 20, 3, '95.83'),
(38, 105, '2011-2012', 26, 26, 0, 18, 0, '100'),
(39, 105, '2012-2013', 23, 23, 0, 20, 2, '100'),
(40, 105, '2013-2014', 23, 23, 0, 17, 2, '100'),
(41, 105, '2014-2015', 27, 25, 2, 10, 2, '92.59'),
(42, 105, '2015-2016', 30, 30, 4, 20, 4, '100'),
(43, 100, '2012-2013', 25, 21, 0, 12, 5, '84'),
(44, 100, '2013-2014', 29, 29, 0, 12, 10, '100'),
(45, 100, '2014-2015', 27, 21, 1, 12, 6, '77.8'),
(46, 100, '2015-2016', 30, 24, 2, 16, 3, '80'),
(47, 109, '2015-2016', 24, 24, 3, 14, 7, '100'),
(48, 110, '2010-2011', 55, 50, 3, 35, 12, '90.91'),
(49, 110, '2011-2012', 56, 55, 1, 38, 16, '98.21'),
(50, 110, '2012-2013', 57, 50, 0, 36, 14, '87.72'),
(51, 110, '2013-2014', 57, 56, 1, 38, 17, '98.25'),
(52, 110, '2014-2015', 59, 51, 2, 36, 13, '86.44'),
(53, 110, '2015-2016', 56, 49, 0, 31, 18, '87.5'),
(54, 108, '2016-2017', 31, 20, 13, 7, 0, '64.52'),
(55, 106, '2016-2017', 41, 25, 10, 14, 1, '60.98'),
(56, 107, '2016-2017', 32, 20, 9, 11, 0, '62.5'),
(57, 105, '2016-2017', 23, 18, 9, 9, 0, '78.26'),
(58, 109, '2016-2017', 23, 16, 5, 11, 0, '69.57'),
(59, 103, '2010-2011', 44, 37, 1, 36, 0, '84.09'),
(60, 103, '2011-2012', 45, 40, 2, 27, 9, '88.88'),
(61, 103, '2012-2013', 49, 40, 0, 21, 18, '81.63'),
(62, 103, '2013-2014', 49, 35, 0, 33, 2, '71.43'),
(63, 103, '2014-2015', 51, 37, 2, 34, 1, '72.55'),
(64, 103, '2015-2016', 53, 47, 0, 39, 2, '88.67'),
(65, 110, '2016-2017', 58, 40, 14, 25, 1, '68.97'),
(66, 104, '2016-2017', 49, 32, 4, 28, 0, '65.31'),
(67, 103, '2016-2017', 43, 20, 2, 17, 1, '46.51'),
(68, 102, '2016-2017', 32, 20, 3, 16, 1, '62.5'),
(69, 100, '2016-2017', 25, 14, 0, 13, 1, '56'),
(70, 100, '2017-2018', 30, 14, 0, 9, 5, '46.67'),
(71, 102, '2017-2018', 32, 23, 4, 16, 3, '71.88'),
(72, 103, '2017-2018', 50, 16, 0, 15, 1, '32'),
(73, 104, '2017-2018', 55, 24, 1, 21, 2, '43.64'),
(74, 110, '2017-2018', 58, 40, 15, 23, 2, '68.97'),
(75, 109, '2017-2018', 24, 21, 5, 16, 0, '87.5'),
(76, 108, '2017-2018', 34, 23, 12, 11, 0, '67.65'),
(77, 106, '2017-2018', 44, 19, 3, 16, 0, '43.2'),
(78, 107, '2017-2018', 35, 21, 6, 15, 0, '60'),
(79, 105, '2017-2018', 29, 22, 7, 15, 0, '75.86'),
(80, 104, '2018-2019', 57, 30, 4, 25, 1, '52.63'),
(81, 103, '2018-2019', 47, 26, 0, 26, 0, '55.32'),
(82, 102, '2018-2019', 36, 26, 4, 19, 3, '72.22'),
(83, 100, '2018-2019', 41, 25, 0, 22, 3, '60.98'),
(84, 107, '2018-2019', 36, 20, 5, 15, 0, '55.56'),
(85, 108, '2018-2019', 33, 27, 17, 10, 0, '81.82'),
(86, 106, '2018-2019', 40, 21, 10, 11, 0, '52.5'),
(87, 109, '2018-2019', 30, 26, 9, 17, 0, '86.67'),
(88, 105, '2018-2019', 33, 28, 14, 14, 0, '84.85'),
(89, 110, '2018-2019', 53, 39, 13, 24, 2, '73.58');

-- --------------------------------------------------------

--
-- Table structure for table `staff`
--

CREATE TABLE `staff` (
  `id` int(11) NOT NULL,
  `department` int(11) NOT NULL,
  `name` varchar(50) NOT NULL,
  `quali` mediumtext NOT NULL,
  `desig` varchar(100) NOT NULL,
  `dept` varchar(100) NOT NULL,
  `email` varchar(50) NOT NULL,
  `twe` varchar(20) NOT NULL,
  `sco` longtext NOT NULL,
  `lop` longtext NOT NULL,
  `aru` longtext NOT NULL,
  `ph` longtext NOT NULL,
  `bp` varchar(100) NOT NULL,
  `ppcs` longtext NOT NULL,
  `award` tinytext NOT NULL,
  `cv` tinytext NOT NULL,
  `pw` varchar(20) NOT NULL,
  `ar` tinytext NOT NULL,
  `nphd` tinytext NOT NULL,
  `mpu` tinytext NOT NULL,
  `ri` tinytext NOT NULL,
  `photo` varchar(300) NOT NULL
) ENGINE=InnoDB DEFAULT CHARSET=latin1 COLLATE=latin1_swedish_ci;

--
-- Dumping data for table `staff`
--

INSERT INTO `staff` (`id`, `department`, `name`, `quali`, `desig`, `dept`, `email`, `twe`, `sco`, `lop`, `aru`, `ph`, `bp`, `ppcs`, `award`, `cv`, `pw`, `ar`, `nphd`, `mpu`, `ri`, `photo`) VALUES
(189, 108, 'LEKHA V', 'MSc, NET, BEd', 'ASSISTANT PROFESSOR', 'CHEMISTRY', 'lekhav@kmmgwc.ac.in', '18 Years', '<span style=\"color: rgb(33, 37, 41); font-family: roboto, sans-serif; font-size: 15px; background-color: rgba(255, 247, 221, 0.82);\">Nil</span>', '<span style=\"color: rgb(33, 37, 41); font-family: roboto, sans-serif; font-size: 15px; background-color: rgba(254, 217, 103, 0.27);\">Nil</span> ', '<span style=', 'Nil', '<br>', '<br>', '<span style=\"color: rgb(33, 37, 41); font-family: roboto, sans-serif; font-size: 15px; background-color: rgba(254, 217, 103, 0.27);\">Nil</span> ', 'Nil', 'Nil', '<span style=\"color: rgb(33, 37, 41); font-family: roboto, sans-serif; font-size: 15px; background-color: rgba(254, 217, 103, 0.27);\">Nil</span>', '<span style=\"color: rgb(33, 37, 41); font-family: roboto, sans-serif; font-size: 15px; background-color: rgba(254, 217, 103, 0.27);\">Nil</span>', '<span style=\"color: rgb(33, 37, 41); font-family: roboto, sans-serif; font-size: 15px; background-color: rgba(254, 217, 103, 0.27);\">Nil</span>', '<br>', 'images/75lekha.jpg'),
(190, 108, 'JAISON P K', 'MSc, NET, BEd', 'ASSISTANT PROFESSOR', 'CHEMISTRY', 'jaisonpk@kmmgwc.ac.in', '9 Years', '<span style=\"color: rgb(33, 37, 41); font-family: roboto, sans-serif; font-size: 15px; background-color: rgba(255, 247, 221, 0.82);\">Co-Ordinator, Three day National Seminar on Recent Advances in Chemistry.</span>', '<span style=\"color: rgb(33, 37, 41); font-family: roboto, sans-serif; font-size: 15px; background-color: rgba(254, 217, 103, 0.27);\">Nil</span>   ', '', '\"1. Coordinator 2. CTO\"', '<br>    ', '<br>', '<span style=\"color: rgb(33, 37, 41); font-family: roboto, sans-serif; font-size: 15px; background-color: rgba(254, 217, 103, 0.27);\">Nil</span> ', 'Nil', 'Nil', '<span style=\"color: rgb(33, 37, 41); font-family: roboto, sans-serif; font-size: 15px; background-color: rgba(254, 217, 103, 0.27);\">Nil</span>', '<span style=\"color: rgb(33, 37, 41); font-family: roboto, sans-serif; font-size: 15px; background-color: rgba(254, 217, 103, 0.27);\">Nil</span>', '<span style=\"color: rgb(33, 37, 41); font-family: roboto, sans-serif; font-size: 15px; background-color: rgba(254, 217, 103, 0.27);\">Nil</span>', '<br>', 'images/280jaisan.jpg'),
(191, 108, 'DR. MILI C N', 'M. Sc. NET, PhD, GATE', 'GUEST FACULTY', 'CHEMISTRY', 'mileecn@gmail.com', '5 Years', '<br>', '<br><div></div><div><table class=\"staff_tbl\" style=\"width: 825px; background: rgb(255, 240, 192); border: 9px solid rgb(255, 234, 168); color: rgb(33, 37, 41); font-family: roboto, sans-serif; font-size: 16px; text-align: justify;\"><tbody style=\"box-sizing: border-box; background: rgba(254, 217, 103, 0.27);\"><tr style=\"box-sizing: border-box;\"><td width=\"150px\" style=\"box-sizing: border-box; padding: 10px 20px; text-align: left; max-width: 150px; overflow-wrap: break-word; font-size: 15px; width: 571.285px;\">Mili C. Naranthatta, Deepika Das, Debakanta Tripathy, Himansu S. Sahoo, Venkatachalam Ramkumar,and Dillip K. Chand (2012) Consequence of Presence and Absence of ?-Clouds at Strategic Locations of Designed Binuclear Pd(II) Complexes on Packing: Self-Assembly of Self-Assembly by Intermolecular Locking and Packing, Cryst. Growth Des. 12, 6012-6022<br style=\"box-sizing: border-box;\">2. Mili C. Naranthatta, V Ramkumar,and Dillip Kumar Chand (2014) Self-assembly of self-assembled molecular triangles, J. Chem. Sci. 126, 1493-1499<br style=\"box-sizing: border-box;\">3. Mili C. Naranthatta, V Ramkumar,and</td></tr></tbody></table></div>  ', '<br>', 'Nil', '<br>          ', '<span style=\"color: rgb(33, 37, 41); font-family: roboto, sans-serif; font-size: 15px; background-color: rgba(254, 217, 103, 0.27);\">Naranthatta, M. C. and D. K. Chand (2012) The significance of ?-cloud at strategic</span><br style=\"box-sizing: border-box; color: rgb(33, 37, 41); font-family: roboto, sans-serif; font-size: 15px; background-color: rgba(254, 217, 103, 0.27);\"><span style=\"color: rgb(33, 37, 41); font-family: roboto, sans-serif; font-size: 15px; background-color: rgba(254, 217, 103, 0.27);\">locations of designed binuclear Pd(II) complexes on crystal packing. Oral</span><br style=\"box-sizing: border-box; color: rgb(33, 37, 41); font-family: roboto, sans-serif; font-size: 15px; background-color: rgba(254, 217, 103, 0.27);\"><span style=\"color: rgb(33, 37, 41); font-family: roboto, sans-serif; font-size: 15px; background-color: rgba(254, 217, 103, 0.27);\">presentation in Chemistry In- House Symposium (CiHS-2012), IIT Madras, India (22-</span><br style=\"box-sizing: border-box; color: rgb(33, 37, 41); font-family: roboto, sans-serif; font-size: 15px; background-color: rgba(254, 217, 103, 0.27);\"><span style=\"color: rgb(33, 37, 41); font-family: roboto, sans-serif; font-size: 15px; background-color: rgba(254, 217, 103, 0.27);\">08-2012). (Best Oral Presentation)</span>', ' ', 'Nil', 'Nil', '<br>', '<br>', '<br>', '<span style=\"color: rgb(33, 37, 41); font-family: roboto, sans-serif; font-size: 15px; background-color: rgba(255, 247, 221, 0.82);\">Supramolecular chemistry</span>', 'images/212624MiliCN_Photo - Mili C.N.jpg'),
(193, 108, 'DR. MANJU C K', 'M. Sc. NET, Ph. D', 'GUEST FACULTY', 'CHEMISTRY', 'joshumanju@gmail.com', 'Nil', 'Nil', 'Nil', 'Nil', 'Nil', 'Nil', '<span style=\"color: rgb(33, 37, 41); font-family: roboto, sans-serif; font-size: 15px; background-color: rgba(254, 217, 103, 0.27);\">1. Highly luminescent monolayer protected Ag56Se13S15 clusters at Gordon Research Conferences: Clusters &amp; Nanostructures, July 09-14, 2017, Mount Holyoke College, USA (poster).</span><br style=\"box-sizing: border-box; color: rgb(33, 37, 41); font-family: roboto, sans-serif; font-size: 15px; background-color: rgba(254, 217, 103, 0.27);\"><span style=\"color: rgb(33, 37, 41); font-family: roboto, sans-serif; font-size: 15px; background-color: rgba(254, 217, 103, 0.27);\">? 2. Highly luminescent monolayer protected Ag56Se13S15 clusters at Asian Academic Seminar 2016 “Advanced Materials, Processes and System for Sustainable Development”, December 14-20, 2016, Tokyo (oral and poster).</span><br style=\"box-sizing: border-box; color: rgb(33, 37, 41); font-family: roboto, sans-serif; font-size: 15px; background-color: rgba(254, 217, 103, 0.27);\"><span style=\"color: rgb(33, 37, 41); font-family: roboto, sans-serif; font-size: 15px; background-color: rgba(254, 217, 103, 0.27);\">? 3. Highly luminescent silver selenide clusters at the 18th CRSI National Symposium in Chemistry, February 04-07, 2016, Punjab University Chandigarh (poster)</span>', '<span style=\"color: rgb(33, 37, 41); font-family: roboto, sans-serif; font-size: 15px; background-color: rgba(255, 247, 221, 0.82);\">1. Best poster presenter award at the 18th CRSI National Symposium in Chemistry</span> ', 'SA: Postdoctoral Scholar, Department of Chemistry and Biochemistry, The Ohio State University, Colum', 'Nil', 'Nil', 'Nil', 'Nil', '<span style=\"color: rgb(33, 37, 41); font-family: roboto, sans-serif; font-size: 15px; background-color: rgba(255, 247, 221, 0.82);\">Nanoclusters, nanoparticle</span>', 'images/723334Manju passport-photo2 - MANJU C K.jpg'),
(194, 108, 'DR. SHABINA KAPPADAN', 'M. Sc., NET, Ph.D.', 'GUEST FACULTY', 'CHEMISTRY', 'shabina.kappadan3@gmail.com', 'Nil', 'Nil', 'Nil', 'Nil', 'Nil', 'Nil', 'Nil', 'Nil ', 'Nil', 'Nil', 'Nil', 'Nil', 'Nil', 'Nil', 'images/32598shabina.jpg'),
(195, 108, 'ANJANA P T', 'M.Sc Chemistry, M.Phil, NET', 'ASSISTANT PROFESSOR', 'CHEMISTRY', '', 'Nil', 'Nil', 'Nil', 'Nil', 'Nil', 'Nil', 'Nil', 'Nil ', 'Nil', 'Nil', 'Nil', 'Nil', 'Nil', 'Nil', 'images/640526anjana.jpg'),
(196, 104, 'DR. NARAYANAN P PUTHIYILLETH', 'MA, NET, PhD, BEd', 'ASSISTANT PROFESSOR', 'ECONOMICS', 'narayananp@kmmgwc.ac.in', '11 Years', '\"1. Two-Day National Seminar on \'Financial Derivatives - Dimensions and Directions for Change\' sponsored by Government of Kerala on 3-4 October, 2013. 2. Two-day National Seminar on \'Participatory Quality Management in Higher Education Institutions - The Role of Teachers\' sponsored by Government of Kerala on 10-11 December 2015. 3. Two-day Orientation Webinar on \'Heterodox Economics\' sponsored by the P.G Department of Economics, Krishna Menon Memorial Government Women\'s College, Kannur on 1 & 2 July 2021.\"', '\"1.Narayanan, P. (2013). Safety Nets and marginalisation revisited in the context of neoliberalism in India. Convergia, 2(2). 51-70.\n2. Narayanan, P. (2015). An overview of commodity futures markets', '\"1. Parent Teacher Association Secretary\n2. Convener, College Development Council\n3. IQAC Co-ordinator\n4. Fine Arts Advisor to the College Union\n5. Co-ordinator, Scholar Support Programme\n5. Internal Mentor, Walk with a Scholar Programme\"', '1. Member, P.G Board of Economics, Kannur University', '1. Narayanan, P, Sreeja, K. and Sindhu, N.(2020). Introducto', 'Nil', 'Nil', 'Nil', 'Nil', 'Nil', 'Nil', '1. UGC Sponsored Minor Research Project on \'Economic Incentives for People Parti', 'Pricing, Market Efficiency, Information Economics, Financial Econometrics', 'images/768narayanan.jpg'),
(197, 104, 'SRI.SHIBU P', 'MA, NET, BEd', 'ASSISTANT PROFESSOR', 'ECONOMICS', 'shibup@kmmgwc.ac.in', '11 Years', '<span style=\"color: rgb(33, 37, 41); font-family: roboto, sans-serif; font-size: 15px; background-color: rgba(255, 247, 221, 0.82);\">UGC Sponsored National Seminar on \"Trends in Centre-State Financial Relations in India: Implications for Social Development\", September,17 &amp;18,2015</span>', 'Nil', '<span style=\"color: rgb(33, 37, 41); font-family: roboto, sans-serif; font-size: 15px; background-color: rgba(255, 247, 221, 0.82);\">1.HOD in charge</span>', '\"1. Member , Board of Studies (UG -Economics) Kannur University 2018-20 2. Nodal officer for schola', 'Nil', 'Nil', 'Nil', 'Nil', 'Nil', 'Nil', 'Nil', 'Nil', 'Nil', 'images/745shibu.jpg'),
(198, 104, 'DR. SHANAVAS P H', 'MA, MBA, NET, PhD, BEd', 'ASSISTANT PROFESSOR', 'ECONOMICS', 'shanavas@kmmgwc.ac.in', '12 Years', '\"1. Organized a Panel Discussion on \" UNnion Budget 2021 - Filling Gaps or Creating Vaccum?\" on 09th February 2021.\n2. Organized a Three Day workshop on “Basic Econometric Analysis” at Government College Mananthavady from 2nd to 4th February 2017.\n3. Coordinated a national Seminar on “Outliers of Central Tendency: a Revisit to Kerala Model of Development” funded by UGC and organized by the Department of Development Economics, Government College Mananthavady, on 27th & 28th January 2016.\n4. Convened a Workshop on “Research Methodology in Social Sciences” by the department of Development Economics, Government College Mananthavady on 06th to 09th October 2015.\n5. Coordinated a National Seminar on “Man, Environment and Sustainable Development in Western Ghats: from Conflicts to Peaceful Coexistence, funded by UGC, conducted by department of Development Economics, Government College Mananthavady on 23rd and 24th September 2014.\n6. Convened a National Seminar on “Affirmative actions for Tribal Empowerment in Indian Democracy with special reference to economic development” conducted by department of Development Economics, Government College Mananthavady, in collaboration with Institute of Parliamentary Affairs, Government of Kerala on 6th December 2013.\n7. Convened a National Seminar on “Financial Liberalization and Macroeconomic Stability with special reference to Rupee crisis conducted by department of Development Economics, Government College Mananthavady on 23rd and 24th October 2013.\"', '\"Journal Publications.\r\n1. Shanavas PH and Karunakaran N, “Measuring Tourist Preferences for Recreation and Conservation at Ecotourism Destinations; A Choice Modeling Approach”, International Journal', '\"1. Head of the Department of Economics at govt. College Manathavady, 2012 June to 2012 December and 2013 June to 2017 February.\r\n2. NSS Programme Officer at EKNM Govt. College Elerithattu for the years 2010-11 and 201-12\".', '\"1. Member, Academic Council, Kannur University\n2. Member, P G Board of Studies in Economics, Kannur University (2017-19)\n3. Nodal Officer, UG & PG Admissions, Krishna Menon Memorial Government Women\'s College Kannur, 2020-21 & 2021-22\n4. Staff Editor ', '\"Books Edited 1. “Western Ghats - From Ecology to Economics”', 'Nil', 'Nil', 'Nil', 'Nil', 'Nil', 'Nil', '<span style=\"color: rgb(33, 37, 41); font-family: roboto, sans-serif; font-size: 15px; background-color: rgba(254, 217, 103, 0.27);\">Completed a Minor Research Project Sanctioned by the UGC with an amount of INR 1,50,000 on the topic “A Contingent Valuati', '<span style=\"color: rgb(33, 37, 41); font-family: roboto, sans-serif; font-size: 15px; background-color: rgba(255, 247, 221, 0.82);\">Environmental Economics, Tourism Economics, Public Economics, Behavioral Economics.</span>', 'images/421shanavas.jpg'),
(199, 104, 'DR. SAMRITHA A.V', 'MA, NET, PhD, BEd, JRF', 'ASSISTANT PROFESSOR', 'ECONOMICS', 'samritha@kmmgwc.ac.in', '10 Years', '<span style=\"color: rgb(33, 37, 41); font-family: roboto, sans-serif; font-size: 15px; background-color: rgba(255, 247, 221, 0.82);\">1</span>', '<span style=\"color: rgb(33, 37, 41); font-family: roboto, sans-serif; font-size: 15px; background-color: rgba(254, 217, 103, 0.27);\">\"1.Dr Samritha A V (2013).Economics of Solid Waste Management, KASARA Journal of Humanities Govt.College Kasaragod .ISSN 2320-2580</span><br style=\"box-sizing: border-box; color: rgb(33, 37, 41); font-family: roboto, sans-serif; font-size: 15px; background-color: rgba(254, 217, 103, 0.27);\"><span style=\"color: rgb(33, 37, 41); font-family: roboto, sans-serif; font-size: 15px; background-color: rgba(254, 217, 103, 0.27);\">2.</span><br style=\"box-sizing: border-box; color: rgb(33, 37, 41); font-family: roboto, sans-serif; font-size: 15px; background-color: rgba(254, 217, 103, 0.27);\"><span style=\"color: rgb(33, 37, 41); font-family: roboto, sans-serif; font-size: 15px; background-color: rgba(254, 217, 103, 0.27);\">\"</span>', '<span style=\"color: rgb(33, 37, 41); font-family: roboto, sans-serif; font-size: 15px; background-color: rgba(254, 217, 103, 0.27);\">1</span>', '1', '<span style=\"color: rgb(33, 37, 41); font-family: roboto, sans-serif; font-size: 15px; background-co', 'Nil', 'Nil', 'Nil', 'Nil', '<span style=\"color: rgb(33, 37, 41); font-family: roboto, sans-serif; font-size: 15px; background-color: rgba(254, 217, 103, 0.27);\">1</span>', 'Nil', '<span style=\"color: rgb(33, 37, 41); font-family: roboto, sans-serif; font-size: 15px; background-color: rgba(254, 217, 103, 0.27);\">1.MRP - Economic Impact of Gulf Migration -A study Kasaragod District.</span>', '<span style=\"color: rgb(33, 37, 41); font-family: roboto, sans-serif; font-size: 15px; background-color: rgba(255, 247, 221, 0.82);\">Environmental Economics</span>', 'images/412samritha.jpg'),
(200, 104, 'DR. SANDHYA P', 'MA, NET, MPhil, PhD, BEd, SET', 'ASSISTANT PROFESSOR', 'ECONOMICS', 'sandhyavipin123@kmmgwc.ac.in', '9 Years', '1', '\"Research papers published in Journals/Working papers - 21\nChapters in edited book - 7\nArticles in National dailies/ Magazine - 5\"', '\"Convenor, Women Cell (2016-17, 2018-19 onwards).\nCoordinator, Entry in Service coaching (2013-14 to 2017-18).\nConvenor, Grievance Redressal Cell -CCSS (2013-14 to 2017-18).\nElected Member, Staff Council (2017-18).\"', '', '2', 'Nil', '	K N Raj Teacher\'s fellowship, 2016-17', 'Nil', '', 'Nil', 'Nil', 'Minor Research Project on Gender based discrimination in the Labour market in Kerala: An analysis of causative factors,University Grants Commission, 2013.', 'Gender Economics, Labour Economics, Development Economics.', 'images/152sandhya vipin.jpg'),
(201, 104, 'DR.VIPIN CHANDRAN K P', 'MA, NET, MPhil, PhD, BEd, SET', 'ASSISTANT PROFESSOR', 'ECONOMICS', 'kpvipinchandran@kmmgwc.ac.in', '11 Years', '<span style=\"color: rgb(33, 37, 41); font-family: roboto, sans-serif; font-size: 15px; background-color: rgba(255, 247, 221, 0.82);\">4</span>', '\"Research papers published in Journals - 32\nChapters in Edited book- 12\nArticles in Malayalam Dailies/Magazines - 63\"', '\"NSS Programme Officer, National Service Scheme (2013-14 to 2016-17).\nExecutive Member, Internal Quality Assurance Cell (IQAC) ( 2013-14 onwards).\nDistrict Coordinator, Walk With A Scholar Programme, Kannur district (2018-19).\nCoordinator, Walk With A Scholar Programme (20018-19).\nCoordinator, Scholar Support Programme (2017-18).\nStaff Council Secretary (2017-18).\nStaff Advisor, College Union (2016-17).\nStaff Editor, College Magazine (2013-14 and 2014-15).\nCoordinator, Career Guidance and Placement Cell (2018-19 onwards).\"', '\"Member, Board of Studies in Economics (U.G), Calicut University (2013-16), Kerala\r\nMember, Board of Studies in Economics (P.G), Kannur University (2018-2020), Kerala\r\nMember, Board of Studies in Economics (P.G), St. Aloysius Autonomous College, Mangalore (2018-2021), Karnataka\r\nMember, Board of Studies in Economics (U.G), Kannur University (2021-23), Kerala\"', '9 books published', 'Nil', ' \"1. Gold Medalist for First Rank in M. A. Econometrics, Pondicherry University,', 'Nil', 'googlescholar/vipinc', '\"1. Research Guide in Kannur University. 2. Expert', 'Guiding 4 PhD students', 'Minor Research Project on \'Maternal factors and Nutritional status of Children in an Urban slum in Calicut City, Kerala, University Grants Commission, 2014.', 'Development Economics, Health Economics and Regional Economics.', 'images/558vipin.jpg'),
(202, 104, 'SRI. PRASAD S B', 'MA, NET, BEd, SET', 'ASSISTANT PROFESSOR', 'ECONOMICS', 'prasad@kmmgwc.ac.in', '4 Years', 'YES', 'NO', 'NSS PROGRAM OFFICER, ANTI DRUGS CONVINER, GREEN PROTOCOL NODAL OFFICER, TOURISM CLUB CONVINER.', 'NSS PROGRAM OFFICER, ANTI DRUGS CONVINER, GREEN PROTOCOL NODAL OFFICER, TOURISM CLUB CONVINER', 'NO', 'Nil', ' ', '', 'Nil', 'Nil', 'Nil', 'Nil', 'Nil', 'images/470prasad.jpg'),
(203, 104, 'DR. TOBY JOSEPH MATHEW K K', 'M A Economics', 'ASSOCIATE PROFESSOR', 'ECONOMICS', 'tobyeconomics@gmail.com', 'Nil', 'Nil', 'Nil', 'Nil', 'Nil', 'Nil', 'Nil', '<b>Nil</b> ', 'Nil', 'Nil', 'Nil', 'Nil', 'Nil', 'Nil', 'images/374776toby1.jpg'),
(204, 104, 'DR. SINDHU N', 'Ph.D, M.A, B.Ed. JRF, NET,SET', 'ASSISTANT PROFESSOR', 'ECONOMICS', 'sindhun1980@gmail.com', 'Nil', 'Nil', 'Nil', 'Nil', 'Nil', 'Nil', 'Nil', 'Nil ', 'Nil', 'Nil', 'Nil', 'Nil', 'Nil', 'Nil', 'images/350889sindu1.jpg'),
(205, 104, 'SUBHASH P P', 'Nil', 'ASSISTANT PROFESSOR', 'ECONOMICS', 'subhashpp123@gmail.com', 'Nil', 'Nil', 'Nil', 'Nil', 'Nil', 'Nil', 'Nil', 'Nil ', 'Nil', 'Nil', 'Nil', 'Nil', 'Nil', 'Nil', 'images/532837PIC (1).jpg'),
(206, 104, 'DR. SUKUMARAN M.', 'Nil', 'ASSISTANT PROFESSOR', 'ECONOMICS', '', 'Nil', 'Nil', 'Nil', 'Nil', 'Nil', 'Nil', 'Nil', 'Nil ', 'Nil', 'Nil', 'Nil', 'Nil', 'Nil', 'Nil', 'images/94155suku.jpg'),
(207, 100, 'SMT. MRUDULA K', 'MA, NET', 'ASSISTANT PROFESSOR', 'ENGLISH', 'mrudula@kmmgwc.ac.in', '7 Years', '<span style=\"color: rgb(33, 37, 41); font-family: roboto, sans-serif; font-size: 15px; background-color: rgba(255, 247, 221, 0.82);\">1. One day National Seminar on \"Social Interactions in Augmented Reality.\"</span>', 'Nil', '<span style=\"color: rgb(33, 37, 41); font-family: roboto, sans-serif; font-size: 15px; background-color: rgba(255, 247, 221, 0.82);\">\"1. Head of the Department.</span><br style=\"box-sizing: border-box; color: rgb(33, 37, 41); font-family: roboto, sans-serif; font-size: 15px; background-color: rgba(255, 247, 221, 0.82);\"><span style=\"color: rgb(33, 37, 41); font-family: roboto, sans-serif; font-size: 15px; background-color: rgba(255, 247, 221, 0.82);\">2. Convenor, ICC.</span><br style=\"box-sizing: border-box; color: rgb(33, 37, 41); font-family: roboto, sans-serif; font-size: 15px; background-color: rgba(255, 247, 221, 0.82);\"><span style=\"color: rgb(33, 37, 41); font-family: roboto, sans-serif; font-size: 15px; background-color: rgba(255, 247, 221, 0.82);\">3. Coordinator, WWS.</span><br style=\"box-sizing: border-box; color: rgb(33, 37, 41); font-family: roboto, sans-serif; font-size: 15px; background-color: rgba(255, 247, 221, 0.82);\"><span style=\"color: rgb(33, 37, 41); font-family: roboto, sans-serif; font-size: 15px; background-color: rgba(255, 247, 221, 0.82);\">4. IQAC Member.</span><br style=\"box-sizing: border-box; color: rgb(33, 37, 41); font-family: roboto, sans-serif; font-size: 15px; background-color: rgba(255, 247, 221, 0.82);\"><span style=\"color: rgb(33, 37, 41); font-family: roboto, sans-serif; font-size: 15px; background-color: rgba(255, 247, 221, 0.82);\">5. RUSA -Institutional level Member.</span><br style=\"box-sizing: border-box; color: rgb(33, 37, 41); font-family: roboto, sans-serif; font-size: 15px; background-color: rgba(255, 247, 221, 0.82);\"><span style=\"color: rgb(33, 37, 41); font-family: roboto, sans-serif; font-size: 15px; background-color: rgba(255, 247, 221, 0.82);\">6. Staff Editor , College magazine.</span><br style=\"box-sizing: border-box; color: rgb(33, 37, 41); font-family: roboto, sans-serif; font-size: 15px; background-color: rgba(255, 247, 221, 0.82);\"><span style=\"color: rgb(33, 37, 41); font-family: roboto, sans-serif; font-size: 15px; background-color: rgba(255, 247, 221, 0.82);\">6. Faculty in charge of NRC and Store.\"</span>', '\"1. Member, Board of Studies Functional English( 2018-2020) 2. Membet Board of Studies English UG ( 2021-)\"', 'Nil', 'Nil', 'Nil ', 'UAE', 'Nil', 'Nil', 'Nil', 'Nil', 'Nil', 'images/227mrithula.jpg'),
(208, 100, 'DR FRANCIS O S', 'PhD', 'ASSOCIATE PROFESSOR', 'ENGLISH', 'francis@kmmgwc.ac.in', '17 Years', '<span style=\"color: rgb(33, 37, 41); font-family: roboto, sans-serif; font-size: 15px; background-color: rgba(255, 247, 221, 0.82);\">One of the coordinators of the DCE sponsored International Seminar ‘Legacy of The Modern: Ruptures and Continuities’ organized by the P.G Department of English and Research Centre, KMMGWC, Kannur, from 19-20 November 2019.</span>', '<span style=\"color: rgb(33, 37, 41); font-family: roboto, sans-serif; font-size: 15px; background-color: rgba(254, 217, 103, 0.27);\">\"1.‘Caste, Gender and Resistance: A Critical Study of Bama’s Sangathi.’ In Socrates An International Multi-disciplinary Multi lingual Refereed Scholarly Journal, (Vol I), ISSN 2437-6869, March 2014.</span>', 'Nil', 'Nil', 'Nil', 'Nil', '<span style=\"color: rgb(33, 37, 41); font-family: roboto, sans-serif; font-size: 15px; background-color: rgba(255, 247, 221, 0.82);\">\"1.Third Rank holder for BA from Kannur University (2007)</span><br style=\"box-sizing: border-box; color: rgb(33, 37, 41);', 'Nil', 'francisos@kmmgwc.ac.', '<span style=\"color: rgb(33, 37, 41); font-family: roboto, sans-serif; font-size: 15px; background-color: rgba(254, 217, 103, 0.27);\">\"1. In charge of Language Lab 2. In charge of EDUS</span>', '<span style=\"color: rgb(33, 37, 41); font-family: roboto, sans-serif; font-size: 15px; background-color: rgba(255, 247, 221, 0.82);\">Currently guiding 6 PhD Sholars</span>', '<span style=\"color: rgb(33, 37, 41); font-family: roboto, sans-serif; font-size: 15px; background-color: rgba(254, 217, 103, 0.27);\">1 MRP (UGC)</span>', '<span style=\"color: rgb(33, 37, 41); font-family: roboto, sans-serif; font-size: 15px; background-color: rgba(255, 247, 221, 0.82);\">Linguistics and English Language Teaching (ELT).</span>', 'images/22756Francis1.jpg'),
(209, 100, 'DR. SMITHA K', 'MA, NET, MPhil, PhD, BEd, SET', 'ASSISTANT PROFESSOR', 'ENGLISH', 'smitha@kmmgwc.ac.in', '14 Years', '<span style=\"color: rgb(33, 37, 41); font-family: roboto, sans-serif; font-size: 15px; background-color: rgba(255, 247, 221, 0.82);\">\"Two day national seminar on Theorsing the region in 2015.</span><br style=\"box-sizing: border-box; color: rgb(33, 37, 41); font-family: roboto, sans-serif; font-size: 15px; background-color: rgba(255, 247, 221, 0.82);\"><span style=\"color: rgb(33, 37, 41); font-family: roboto, sans-serif; font-size: 15px; background-color: rgba(255, 247, 221, 0.82);\">Two day national seminar on bhasha literatures in 2016.</span><br style=\"box-sizing: border-box; color: rgb(33, 37, 41); font-family: roboto, sans-serif; font-size: 15px; background-color: rgba(255, 247, 221, 0.82);\"><span style=\"color: rgb(33, 37, 41); font-family: roboto, sans-serif; font-size: 15px; background-color: rgba(255, 247, 221, 0.82);\">Two fay international seminar on Rewriting the Modern Ruptures &amp;Continuities in 2019.\"</span>', 'Nil', '<span style=\"color: rgb(33, 37, 41); font-family: roboto, sans-serif; font-size: 15px; background-color: rgba(255, 247, 221, 0.82);\">Chairman BOE MA ENGLISH</span>', 'Nil', 'Nil', 'Nil', 'Nil ', 'Nil', 'Nil', 'Nil', '<span style=\"color: rgb(33, 37, 41); font-family: roboto, sans-serif; font-size: 15px; background-color: rgba(255, 247, 221, 0.82);\">40 projects</span>', 'Nil', '<span style=\"color: rgb(33, 37, 41); font-family: roboto, sans-serif; font-size: 15px; background-color: rgba(255, 247, 221, 0.82);\">COMPARING THE RESPONSES OF REGIONAL WRITERS AND INDIAN ENGLISH WRITERS IN THE QUESTION OF NATIONALISM.</span>', 'images/987397smithak.jpg'),
(210, 100, 'SMT. PREESHI K', 'NET, MPhil', 'ASSISTANT PROFESSOR', 'ENGLISH', 'preeshi@kmmgwc.ac.in', '11 Years', '<span style=\"color: rgb(33, 37, 41); font-family: roboto, sans-serif; font-size: 15px; background-color: rgba(255, 247, 221, 0.82);\">2</span>', 'Nil', '<span style=\"color: rgb(33, 37, 41); font-family: roboto, sans-serif; font-size: 15px; background-color: rgba(255, 247, 221, 0.82);\">\"1. Secretary, College Cooperative Store.</span><br style=\"box-sizing: border-box; color: rgb(33, 37, 41); font-family: roboto, sans-serif; font-size: 15px; background-color: rgba(255, 247, 221, 0.82);\"><span style=\"color: rgb(33, 37, 41); font-family: roboto, sans-serif; font-size: 15px; background-color: rgba(255, 247, 221, 0.82);\">2. Programme Officer, NSS Unit 19.</span><br style=\"box-sizing: border-box; color: rgb(33, 37, 41); font-family: roboto, sans-serif; font-size: 15px; background-color: rgba(255, 247, 221, 0.82);\"><span style=\"color: rgb(33, 37, 41); font-family: roboto, sans-serif; font-size: 15px; background-color: rgba(255, 247, 221, 0.82);\">3. Convenor, Canteen Committee.</span><br style=\"box-sizing: border-box; color: rgb(33, 37, 41); font-family: roboto, sans-serif; font-size: 15px; background-color: rgba(255, 247, 221, 0.82);\"><span style=\"color: rgb(33, 37, 41); font-family: roboto, sans-serif; font-size: 15px; background-color: rgba(255, 247, 221, 0.82);\">4. Member, ICC.</span>', '\"Secretary, College Cooperative Store Programme Officer NSS Convenor, Canteen Committee Member, ICC\"', 'Nil', 'Nil', 'Nil ', 'Nil', 'Nil', 'Nil', 'Nil', 'Nil', 'Nil', 'images/911preeshi.jpg'),
(211, 100, 'DR. NISHA NAMBIAR', 'MA, NET, PhD, BEd', 'ASSOCIATE PROFESSOR', 'ENGLISH', 'nisha@kmmgwc.ac.in', '15 Years', '<span style=\"color: rgb(33, 37, 41); font-family: roboto, sans-serif; font-size: 15px; background-color: rgba(255, 247, 221, 0.82);\">\"1.National Seminar -Alternative \"Sexualities: Explorings\"\"25th &amp;26th Sept 2014.</span><br style=\"box-sizing: border-box; color: rgb(33, 37, 41); font-family: roboto, sans-serif; font-size: 15px; background-color: rgba(255, 247, 221, 0.82);\"><span style=\"color: rgb(33, 37, 41); font-family: roboto, sans-serif; font-size: 15px; background-color: rgba(255, 247, 221, 0.82);\">2. International Seminar- Being/s in Motion: Migrations and Dislocations\"\" 4, 5, 6 th Dec 2018.\"</span>', '<span style=\"color: rgb(33, 37, 41); font-family: roboto, sans-serif; font-size: 15px; background-color: rgba(254, 217, 103, 0.27);\">\"1.Chronicling the Slum- subaltern: A Reading of Kaveri Nambisan’s The Story that Must not be Told. International Journal of Research and Analytical Reviews 5.4(2018): 779-81.</span><br style=\"box-sizing: border-box; color: rgb(33, 37, 41); font-family: roboto, sans-serif; font-size: 15px; background-color: rgba(254, 217, 103, 0.27);\"><span style=\"color: rgb(33, 37, 41); font-family: roboto, sans-serif; font-size: 15px; background-color: rgba(254, 217, 103, 0.27);\">2. Forging Inroads: E</span>', '<span style=\"color: rgb(33, 37, 41); font-family: roboto, sans-serif; font-size: 15px; background-color: rgba(255, 247, 221, 0.82);\">Staff editor of College magazine,</span><br style=\"box-sizing: border-box; color: rgb(33, 37, 41); font-family: roboto, sans-serif; font-size: 15px; background-color: rgba(255, 247, 221, 0.82);\"><span style=\"color: rgb(33, 37, 41); font-family: roboto, sans-serif; font-size: 15px; background-color: rgba(255, 247, 221, 0.82);\">Editor of College Newsletter &amp; Editorial Board</span><br style=\"box-sizing: border-box; color: rgb(33, 37, 41); font-family: roboto, sans-serif; font-size: 15px; background-color: rgba(255, 247, 221, 0.82);\"><span style=\"color: rgb(33, 37, 41); font-family: roboto, sans-serif; font-size: 15px; background-color: rgba(255, 247, 221, 0.82);\">Convenor of Academic Monitoring Committee.</span><br style=\"box-sizing: border-box; color: rgb(33, 37, 41); font-family: roboto, sans-serif; font-size: 15px; background-color: rgba(255, 247, 221, 0.82);\"><span style=\"color: rgb(33, 37, 41); font-family: roboto, sans-serif; font-size: 15px; background-color: rgba(255, 247, 221, 0.82);\">Class Tutor.</span>', 'Staff editor of College magazine, Editor of College Newsletter & Editorial Board Convenor of Academic Monitoring Committee. Class Tutor.', 'Nil', 'Nil', 'Nil ', 'Kuwait', 'Nil', 'Nil', 'Nil', 'Nil', '<span style=\"color: rgb(33, 37, 41); font-family: roboto, sans-serif; font-size: 15px; background-color: rgba(255, 247, 221, 0.82);\">Indian English Writing, Postcolonial Studies, British and World Literature.</span>', 'images/858nisha.jpg'),
(212, 100, 'SHYJA K. P', 'NET, BEd', 'ASSISTANT PROFESSOR', 'ENGLISH', 'shyja@kmmgwc.ac.in', '7 Years', '<span style=\"color: rgb(33, 37, 41); font-family: roboto, sans-serif; font-size: 15px; background-color: rgba(255, 247, 221, 0.82);\">Organized a three day National Workshop on Teaching Films from 10th January 2017 to 12 January 2017.</span>', '<font color=\"#212529\" face=\"roboto, sans-serif\"><span style=\"font-size: 15px; background-color: rgba(255, 247, 221, 0.82);\">Nil</span></font>', '<span style=\"color: rgb(33, 37, 41); font-family: roboto, sans-serif; font-size: 15px; background-color: rgba(255, 247, 221, 0.82);\">\"H o D Department of Journalism</span><br style=\"box-sizing: border-box; color: rgb(33, 37, 41); font-family: roboto, sans-serif; font-size: 15px; background-color: rgba(255, 247, 221, 0.82);\"><span style=\"color: rgb(33, 37, 41); font-family: roboto, sans-serif; font-size: 15px; background-color: rgba(255, 247, 221, 0.82);\">Convener-Book club</span><br style=\"box-sizing: border-box; color: rgb(33, 37, 41); font-family: roboto, sans-serif; font-size: 15px; background-color: rgba(255, 247, 221, 0.82);\"><span style=\"color: rgb(33, 37, 41); font-family: roboto, sans-serif; font-size: 15px; background-color: rgba(255, 247, 221, 0.82);\">Convener-Department Alumni</span><br style=\"box-sizing: border-box; color: rgb(33, 37, 41); font-family: roboto, sans-serif; font-size: 15px; background-color: rgba(255, 247, 221, 0.82);\"><span style=\"color: rgb(33, 37, 41); font-family: roboto, sans-serif; font-size: 15px; background-color: rgba(255, 247, 221, 0.82);\">Member-Folklore club</span><br style=\"box-sizing: border-box; color: rgb(33, 37, 41); font-family: roboto, sans-serif; font-size: 15px; background-color: rgba(255, 247, 221, 0.82);\"><span style=\"color: rgb(33, 37, 41); font-family: roboto, sans-serif; font-size: 15px; background-color: rgba(255, 247, 221, 0.82);\">Member-Cleaning and Beautification committee</span><br style=\"box-sizing: border-box; color: rgb(33, 37, 41); font-family: roboto, sans-serif; font-size: 15px; background-color: rgba(255, 247, 221, 0.82);\"><span style=\"color: rgb(33, 37, 41); font-family: roboto, sans-serif; font-size: 15px; background-color: rgba(255, 247, 221, 0.82);\">Member-Anti-Ragging Committee</span><br style=\"box-sizing: border-box; color: rgb(33, 37, 41); font-family: roboto, sans-serif; font-size: 15px; background-color: rgba(255, 247, 221, 0.82);\"><span style=\"color: rgb(33, 37, 41); font-family: roboto, sans-serif; font-size: 15px; background-color: rgba(255, 247, 221, 0.82);\">Department Library in Charge.\"</span>', '\"Convener-Jeevani,Centre for Students Wellbeing Fine Arts Advisor Class tutor Mentor-WWS and SSP Secretary-Staff Club \"', '<span style=\"color: rgb(33, 37, 41); font-family: roboto, sans-serif; font-size: 15px; background-co', '<span style=\"color: rgb(33, 37, 41); font-family: roboto, sans-serif; font-size: 15px; background-color: rgba(255, 247, 221, 0.82);\">Nil</span>', '<span style=\"color: rgb(33, 37, 41); font-family: roboto, sans-serif; font-size: 15px; background-color: rgba(255, 247, 221, 0.82);\">Nil</span> ', 'UAE', 'Nil', '<span style=\"color: rgb(33, 37, 41); font-family: roboto, sans-serif; font-size: 15px; background-color: rgba(254, 217, 103, 0.27);\">HoD Dept.of Journalism</span>', '<span style=\"color: rgb(33, 37, 41); font-family: roboto, sans-serif; font-size: 15px; background-color: rgba(255, 247, 221, 0.82);\">Guided UG and PG projects</span>', 'Nil', '<span style=\"color: rgb(33, 37, 41); font-family: roboto, sans-serif; font-size: 15px; background-color: rgba(255, 247, 221, 0.82);\">Nil</span>', 'images/938shyja.jpg'),
(213, 100, 'SMT. VINEETHA P. NAIR', 'MA, NET, BEd, SET', 'ASSISTANT PROFESSOR', 'ENGLISH', 'vineethapnair@kmmgwc.ac.in', '6 Years', 'Nil', '<span style=\"color: rgb(33, 37, 41); font-family: roboto, sans-serif; font-size: 15px; background-color: rgba(254, 217, 103, 0.27);\">N8l</span>', '<span style=\"color: rgb(33, 37, 41); font-family: roboto, sans-serif; font-size: 15px; background-color: rgba(255, 247, 221, 0.82);\">\"1. NSS Program Officer.</span><br style=\"box-sizing: border-box; color: rgb(33, 37, 41); font-family: roboto, sans-serif; font-size: 15px; background-color: rgba(255, 247, 221, 0.82);\"><span style=\"color: rgb(33, 37, 41); font-family: roboto, sans-serif; font-size: 15px; background-color: rgba(255, 247, 221, 0.82);\">2. Convenor of Attendance monitoring committee.</span><br style=\"box-sizing: border-box; color: rgb(33, 37, 41); font-family: roboto, sans-serif; font-size: 15px; background-color: rgba(255, 247, 221, 0.82);\"><span style=\"color: rgb(33, 37, 41); font-family: roboto, sans-serif; font-size: 15px; background-color: rgba(255, 247, 221, 0.82);\">3. Convenor of Anti Ragging committee.</span><br style=\"box-sizing: border-box; color: rgb(33, 37, 41); font-family: roboto, sans-serif; font-size: 15px; background-color: rgba(255, 247, 221, 0.82);\"><span style=\"color: rgb(33, 37, 41); font-family: roboto, sans-serif; font-size: 15px; background-color: rgba(255, 247, 221, 0.82);\">4.member of Red Ribbon club.\"</span>', '1.Fine Arts Advisor', 'Nil', 'Nil', 'Nil ', 'Nil', 'Nil', 'Nil', 'Nil', 'Nil', 'Nil', 'images/238vineetha.jpg'),
(214, 100, 'SMT. NAMRATHA MANOHARAN', 'MA, NET', 'ASSISTANT PROFESSOR', 'ENGLISH', 'namratha@kmmgwc.ac.in', '10 Years', '<br>', '<span style=\"color: rgb(33, 37, 41); font-family: roboto, sans-serif; font-size: 15px; background-color: rgba(254, 217, 103, 0.27);\">\"1. Manoharan, Namratha (2013). Fictionalising History: A New Historicist Reading of Dickens. \"\"Charles Dickens and Victorian England\"\" What he Dickens?. 65.978-93-5087-949-8.</span><br style=\"box-sizing: border-box; color: rgb(33, 37, 41); font-family: roboto, sans-serif; font-size: 15px; background-color: rgba(254, 217, 103, 0.27);\"><span style=\"color: rgb(33, 37, 41); font-family: roboto, sans-serif; font-size: 15px; background-color: rgba(254, 217, 103, 0.27);\">2. Manoharan, Namratha</span>', '<span style=\"color: rgb(33, 37, 41); font-family: roboto, sans-serif; font-size: 15px; background-color: rgba(255, 247, 221, 0.82);\">1. Member of clubs</span>', '1. Question Paper setting for P G Course of Calicut University', 'Nil', 'Nil', 'Nil ', 'Nil', 'Nil', 'Nil', '<span style=\"color: rgb(33, 37, 41); font-family: roboto, sans-serif; font-size: 15px; background-color: rgba(255, 247, 221, 0.82);\">PG and UG projects</span>', '<span style=\"color: rgb(33, 37, 41); font-family: roboto, sans-serif; font-size: 15px; background-color: rgba(254, 217, 103, 0.27);\">1. UGC funded Minor Research Project titled Enhancing the Second Language and Soft Skill Proficiency of High School Studen', 'Nil', 'images/110namratha manoharan.jpg'),
(215, 100, 'VINEETHA VIJAYAN N', 'Nil', 'ASSISTANT PROFESSOR', 'ENGLISH', '', 'Nil', 'Nil', 'Nil', 'Nil', 'Nil', 'Nil', 'Nil', 'Nil ', 'Nil', 'Nil', 'Nil', 'Nil', 'Nil', 'Nil', 'images/476564vinivijayan.jpg'),
(216, 100, 'VEENA M.', 'MA English, NET', 'ASSISTANT PROFESSOR', 'ENGLISH', 'veenanandan@gmail.com', 'Nil', 'Nil', 'Nil', 'Nil', 'Nil', 'Nil', 'Nil', 'Nil ', 'Nil', 'Nil', 'Nil', 'Nil', 'Nil', 'Nil', 'images/408369veena2.jpg'),
(217, 100, 'SHAFANA HANEEF M', 'Nil', 'ASSISTANT PROFESSOR', 'ENGLISH', 'shafamp@gmail.com', 'Nil', 'Nil', 'Nil', 'Nil', 'Nil', 'Nil', 'Nil', 'Nil ', 'Nil', 'Nil', 'Nil', 'Nil', 'Nil', 'Nil', 'images/974893shafana.jpg'),
(218, 103, 'DR GIRISH VISHNU NAMBOODIRI', 'MA, NET, PhD, BEd', 'ASSOCIATE PROFESSOR', 'HISTORY', 'okvishnu@gmail.com', '16 Years', '<span style=\"color: rgb(33, 37, 41); font-family: roboto, sans-serif; font-size: 15px; background-color: rgba(255, 247, 221, 0.82);\">\"Organised Erudite Scholar in Residence Programme involving Prof.Ravi A Palat , USA- November,2019</span><br style=\"box-sizing: border-box; color: rgb(33, 37, 41); font-family: roboto, sans-serif; font-size: 15px; background-color: rgba(255, 247, 221, 0.82);\"><span style=\"color: rgb(33, 37, 41); font-family: roboto, sans-serif; font-size: 15px; background-color: rgba(255, 247, 221, 0.82);\">2018, 2019 organized meeting with archeologist-Vasco Da Salvia and David Hill.\"</span>', '<span style=\"color: rgb(33, 37, 41); font-family: roboto, sans-serif; font-size: 15px; background-color: rgba(254, 217, 103, 0.27);\">Nil</span>', '<span style=\"color: rgb(33, 37, 41); font-family: roboto, sans-serif; font-size: 15px; background-color: rgba(255, 247, 221, 0.82);\">IQAC Coordinator</span>', '\"IQAC Coordinator Chairman, UG Board, Kannur University Member OG Board, MG University Member College Planning Board Member, Research Committee Staff Adviser, College Union\"', '<span style=\"color: rgb(33, 37, 41); font-family: roboto, sans-serif; font-size: 15px; background-co', '<span style=\"color: rgb(33, 37, 41); font-family: roboto, sans-serif; font-size: 15px; background-color: rgba(254, 217, 103, 0.27);\">Nil</span>', '<span style=\"color: rgb(33, 37, 41); font-family: roboto, sans-serif; font-size: 15px; background-color: rgba(254, 217, 103, 0.27);\">Nil</span> ', 'Nil', 'Nil', '<span style=\"color: rgb(33, 37, 41); font-family: roboto, sans-serif; font-size: 15px; background-color: rgba(254, 217, 103, 0.27);\">Nil</span>', '<span style=\"color: rgb(33, 37, 41); font-family: roboto, sans-serif; font-size: 15px; background-color: rgba(254, 217, 103, 0.27);\">Nil</span>', '<span style=\"color: rgb(33, 37, 41); font-family: roboto, sans-serif; font-size: 15px; background-color: rgba(254, 217, 103, 0.27);\">Nil</span>', '<span style=\"color: rgb(33, 37, 41); font-family: roboto, sans-serif; font-size: 15px; background-color: rgba(255, 247, 221, 0.82);\">Social History</span>', 'images/691girish vishnu.jpg'),
(219, 103, 'SRI.RAJEEVAN P', 'Nil', 'ASSISTANT PROFESSOR', 'HISTORY', 'rajeevpmadhav@kmmgwc.ac.in', 'Nil', '<span style=\"color: rgb(33, 37, 41); font-family: roboto, sans-serif; font-size: 15px; background-color: rgba(255, 247, 221, 0.82);\">Organized Krishna Menon Memorial Lecture.</span>', '<span style=\"color: rgb(33, 37, 41); font-family: roboto, sans-serif; font-size: 15px; background-color: rgba(254, 217, 103, 0.27);\">\"1.JETIR Vol-7 issue 2 Feb 2020, Terrorism in the new era and human rights issues involved: an overview</span><br style=\"box-sizing: border-box; color: rgb(33, 37, 41); font-family: roboto, sans-serif; font-size: 15px; background-color: rgba(254, 217, 103, 0.27);\"><span style=\"color: rgb(33, 37, 41); font-family: roboto, sans-serif; font-size: 15px; background-color: rgba(254, 217, 103, 0.27);\">2.JETIR Vol-7 issue 2 Feb 2020, Emerging role of tourism in economic development in India.</span><br style=\"box-sizing: border-box; color: rgb(33, 37, 41); font-family: roboto, sans-serif; font-size: 15px; background-color: rgba(254, 217, 103, 0.27);\"><span style=\"color: rgb(33, 37, 41); font-family: roboto, sans-serif; font-size: 15px; background-color: rgba(254, 217, 103, 0.27);\">3.</span>', '<span style=\"color: rgb(33, 37, 41); font-family: roboto, sans-serif; font-size: 15px; background-color: rgba(255, 247, 221, 0.82);\">1. Co-ordinator entry in service coaching.</span>', 'Nil', '<span style=\"color: rgb(33, 37, 41); font-family: roboto, sans-serif; font-size: 15px; background-co', '<span style=\"color: rgb(33, 37, 41); font-family: roboto, sans-serif; font-size: 15px; background-color: rgba(255, 247, 221, 0.82);\">Nil</span>', '<span style=\"color: rgb(33, 37, 41); font-family: roboto, sans-serif; font-size: 15px; background-color: rgba(255, 247, 221, 0.82);\">Nil</span> ', 'Nil', 'Nil', '<span style=\"color: rgb(33, 37, 41); font-family: roboto, sans-serif; font-size: 15px; background-color: rgba(255, 247, 221, 0.82);\">Nil</span>', '<span style=\"color: rgb(33, 37, 41); font-family: roboto, sans-serif; font-size: 15px; background-color: rgba(255, 247, 221, 0.82);\">Nil</span>', '<span style=\"color: rgb(33, 37, 41); font-family: roboto, sans-serif; font-size: 15px; background-color: rgba(255, 247, 221, 0.82);\">Nil</span>', '<span style=\"color: rgb(33, 37, 41); font-family: roboto, sans-serif; font-size: 15px; background-color: rgba(255, 247, 221, 0.82);\">Nil</span>', 'images/rajeevan.jpg'),
(220, 103, 'DR. GEETHA E.', 'Nil', 'ASSOCIATE PROFESSOR', 'HISTORY', '', 'Nil', 'Nil', 'Nil', 'Nil', 'Nil', 'Nil', 'Nil', 'Nil ', 'Nil', 'Nil', 'Nil', 'Nil', 'Nil', 'Nil', 'images/296617geetha.jpg'),
(221, 101, 'DR. SINUMOL THOMAS', 'MA, NET, PhD, BEd, M.Ed & NET (Education)', 'ASSOCIATE PROFESSOR', 'MALAYALAM', 'sinumolthomas@kmmgwc.ac.in', '15 Years', '<span style=\"color: rgb(33, 37, 41); font-family: roboto, sans-serif; font-size: 15px; background-color: rgba(255, 247, 221, 0.82);\">Coordinator, National seminar on Soundharyasasthram: Sidhanthavum Sameepanavum (6/11/2014-7/11/2014).</span>', '<span style=\"color: rgb(33, 37, 41); font-family: roboto, sans-serif; font-size: 15px; background-color: rgba(254, 217, 103, 0.27);\">\"1. Gothra Sanghyanamangalude Dravida Paschathalam (Page No: 1643-1649): Malayalam Research Journal: Volume 5 No- 3.Sept-Dec 2012. ISSN -0974-1984: Referd</span><br style=\"box-sizing: border-box; color: rgb(33, 37, 41); font-family: roboto, sans-serif; font-size: 15px; background-color: rgba(254, 217, 103, 0.27);\"><span style=\"color: rgb(33, 37, 41); font-family: roboto, sans-serif; font-size: 15px; background-color: rgba(254, 217, 103, 0.27);\">2. Wayanadinte Pradesika Charithra Nirmmith</span>', '<span style=\"color: rgb(33, 37, 41); font-family: roboto, sans-serif; font-size: 15px; background-color: rgba(255, 247, 221, 0.82);\">\"HOD (from01/10/2020 onwards) Dept. of Malayalam KMMGWC Kannur.</span><br style=\"box-sizing: border-box; color: rgb(33, 37, 41); font-family: roboto, sans-serif; font-size: 15px; background-color: rgba(255, 247, 221, 0.82);\"><span style=\"color: rgb(33, 37, 41); font-family: roboto, sans-serif; font-size: 15px; background-color: rgba(255, 247, 221, 0.82);\">Chairman, II&amp; IV sem MA Malayalam BoE (2015-16, 2016-17, 2017-18) Kannur University.</span><br style=\"box-sizing: border-box; color: rgb(33, 37, 41); font-family: roboto, sans-serif; font-size: 15px; background-color: rgba(255, 247, 221, 0.82);\"><span style=\"color: rgb(33, 37, 41); font-family: roboto, sans-serif; font-size: 15px; background-color: rgba(255, 247, 221, 0.82);\">HOD, Language Department, CKGM Govt. College, Perambra.</span><br style=\"box-sizing: border-box; color: rgb(33, 37, 41); font-family: roboto, sans-serif; font-size: 15px; background-color: rgba(255, 247, 221, 0.82);\"><span style=\"color: rgb(33, 37, 41); font-family: roboto, sans-serif; font-size: 15px; background-color: rgba(255, 247, 221, 0.82);\">Secratory, Staff Club,CKGM Govt. College, Perambra</span><br style=\"box-sizing: border-box; color: rgb(33, 37, 41); font-family: roboto, sans-serif; font-size: 15px; background-color: rgba(255, 247, 221, 0.82);\"><span style=\"color: rgb(33, 37, 41); font-family: roboto, sans-serif; font-size: 15px; background-color: rgba(255, 247, 221, 0.82);\">Convenor, women’s anti-harassment cell, 2017-18 Govt. Brennen College, Thalassery.\"</span>', 'HOD (from01/10/2020 onwards) Dept. of Malayalam KMMGWC Kannur', '<span style=\"color: rgb(33, 37, 41); font-family: roboto, sans-serif; font-size: 15px; background-co', 'Nil', '<span style=\"color: rgb(33, 37, 41); font-family: roboto, sans-serif; font-size: 15px; background-color: rgba(255, 247, 221, 0.82);\">\"5. Winner of FOKANA Award in 2001\"</span> ', 'Nil', 'Nil', 'Nil', '<span style=\"color: rgb(33, 37, 41); font-family: roboto, sans-serif; font-size: 15px; background-color: rgba(255, 247, 221, 0.82);\">Research Guide (Kannur university) ( MA Project Supervisor from2006 to2020 -(28 Nos) UG Project Supervis from 2013 onwards', 'Nil', '<span style=\"color: rgb(33, 37, 41); font-family: roboto, sans-serif; font-size: 15px; background-color: rgba(255, 247, 221, 0.82);\">Ethnic Studies</span>', 'images/303sinu.jpg'),
(222, 101, 'SMT. SYAMALA MANICHERI', 'MA, BEd', 'ASSISTANT PROFESSOR', 'MALAYALAM', 'syamaraji@kmmgwc.ac.in', '11 Years', '<span style=\"color: rgb(33, 37, 41); font-family: roboto, sans-serif; font-size: 15px; background-color: rgba(255, 247, 221, 0.82);\">Two</span>', '<span style=\"color: rgb(33, 37, 41); font-family: roboto, sans-serif; font-size: 15px; background-color: rgba(254, 217, 103, 0.27);\">3 papers</span>', '<span style=\"color: rgb(33, 37, 41); font-family: roboto, sans-serif; font-size: 15px; background-color: rgba(255, 247, 221, 0.82);\">Hostel Warden</span>', 'Malayalam Dept. Library in charge, Member PTA executive Committee, Member, admission committee, Staff advisor (2015-16)', 'Nil', 'Nil', 'Nil ', 'Nil', 'Nil', '<span style=\"color: rgb(33, 37, 41); font-family: roboto, sans-serif; font-size: 15px; background-color: rgba(254, 217, 103, 0.27);\">Member, beautification committee, Member, Malayala</span>', 'Nil', '<span style=\"color: rgb(33, 37, 41); font-family: roboto, sans-serif; font-size: 15px; background-color: rgba(254, 217, 103, 0.27);\">One, Minor project</span>', '<span style=\"color: rgb(33, 37, 41); font-family: roboto, sans-serif; font-size: 15px; background-color: rgba(255, 247, 221, 0.82);\">Gender studies, Film studies</span>', 'images/970syamala.jpg'),
(223, 101, 'DR. NIDHEESH K P', 'PhD', 'ASSISTANT PROFESSOR', 'MALAYALAM', 'nidheeshkp@kmmgwc.ac.in', '8 Years', 'Nil', 'Nil', 'Nil', 'Nil', 'Nil', 'Nil', '<span style=\"color: rgb(33, 37, 41); font-family: roboto, sans-serif; font-size: 15px; background-color: rgba(255, 247, 221, 0.82);\">\"1.JRF Award</span><br style=\"box-sizing: border-box; color: rgb(33, 37, 41); font-family: roboto, sans-serif; font-size: ', 'Nil', 'Nil', 'Nil', 'Nil', 'Nil', 'Nil', 'images/975nidheesh.jpg'),
(224, 101, 'DR. GANESHAN V.', '', 'ASSISTANT PROFESSOR', 'MALAYALAM', 'ganeshanmalayalam@gmail.com', 'ug 8', 'Nil', 'Nil', 'Nil', 'Head of the department Member, boad of studies 2018-2020 convenor, Accomodation committee', 'Nil', 'Nil', 'Nil', 'Nil', 'Nil', 'Nil', 'Nil', '<span style=\"color: rgb(33, 37, 41); font-family: roboto, sans-serif; font-size: 15px; background-color: rgba(254, 217, 103, 0.27);\">MRP-2014-2015</span>', 'Nil', 'images/523618ganeshan.jpg');
INSERT INTO `staff` (`id`, `department`, `name`, `quali`, `desig`, `dept`, `email`, `twe`, `sco`, `lop`, `aru`, `ph`, `bp`, `ppcs`, `award`, `cv`, `pw`, `ar`, `nphd`, `mpu`, `ri`, `photo`) VALUES
(225, 106, 'DR. SHAHUL HAMEED K', 'MSc, NET, PhD, BEd, Dip. in Management', 'ASSOCIATE PROFESSOR', 'MATHEMATICS', 'shahulhameed@kmmgwc.ac.in', '25 Years', '<span style=\"color: rgb(33, 37, 41); font-family: roboto, sans-serif; font-size: 15px; background-color: rgba(255, 247, 221, 0.82);\">Organized a UGC Sponsored National Seminar at Government Brennen College on Graph Theory and its Applications</span>', '<span style=\"color: rgb(33, 37, 41); font-family: roboto, sans-serif; font-size: 15px; background-color: rgba(254, 217, 103, 0.27);\">1. Germina K A and Shahul Hameed K (20)</span>', '<span style=\"color: rgb(33, 37, 41); font-family: roboto, sans-serif; font-size: 15px; background-color: rgba(255, 247, 221, 0.82);\">\"Former Principal-in-Charge with Full Additional Charge</span><br style=\"box-sizing: border-box; color: rgb(33, 37, 41); font-family: roboto, sans-serif; font-size: 15px; background-color: rgba(255, 247, 221, 0.82);\"><span style=\"color: rgb(33, 37, 41); font-family: roboto, sans-serif; font-size: 15px; background-color: rgba(255, 247, 221, 0.82);\">Vice Principal</span><br style=\"box-sizing: border-box; color: rgb(33, 37, 41); font-family: roboto, sans-serif; font-size: 15px; background-color: rgba(255, 247, 221, 0.82);\"><span style=\"color: rgb(33, 37, 41); font-family: roboto, sans-serif; font-size: 15px; background-color: rgba(255, 247, 221, 0.82);\">Head of the Department of Mathematics</span><br style=\"box-sizing: border-box; color: rgb(33, 37, 41); font-family: roboto, sans-serif; font-size: 15px; background-color: rgba(255, 247, 221, 0.82);\"><span style=\"color: rgb(33, 37, 41); font-family: roboto, sans-serif; font-size: 15px; background-color: rgba(255, 247, 221, 0.82);\">Convenor, Academic Monitoring Committee</span><br style=\"box-sizing: border-box; color: rgb(33, 37, 41); font-family: roboto, sans-serif; font-size: 15px; background-color: rgba(255, 247, 221, 0.82);\"><span style=\"color: rgb(33, 37, 41); font-family: roboto, sans-serif; font-size: 15px; background-color: rgba(255, 247, 221, 0.82);\">Convenor, Accommodation Committee</span><br style=\"box-sizing: border-box; color: rgb(33, 37, 41); font-family: roboto, sans-serif; font-size: 15px; background-color: rgba(255, 247, 221, 0.82);\"><span style=\"color: rgb(33, 37, 41); font-family: roboto, sans-serif; font-size: 15px; background-color: rgba(255, 247, 221, 0.82);\">Former RUSA Co-ordinator</span><br style=\"box-sizing: border-box; color: rgb(33, 37, 41); font-family: roboto, sans-serif; font-size: 15px; background-color: rgba(255, 247, 221, 0.82);\"><span style=\"color: rgb(33, 37, 41); font-family: roboto, sans-serif; font-size: 15px; background-color: rgba(255, 247, 221, 0.82);\">PTA Executive Committee member</span><br style=\"box-sizing: border-box; color: rgb(33, 37, 41); font-family: roboto, sans-serif; font-size: 15px; background-color: rgba(255, 247, 221, 0.82);\"><span style=\"color: rgb(33, 37, 41); font-family: roboto, sans-serif; font-size: 15px; background-color: rgba(255, 247, 221, 0.82);\">Member, Planning and Purchase Committee</span><br style=\"box-sizing: border-box; color: rgb(33, 37, 41); font-family: roboto, sans-serif; font-size: 15px; background-color: rgba(255, 247, 221, 0.82);\"><span style=\"color: rgb(33, 37, 41); font-family: roboto, sans-serif; font-size: 15px; background-color: rgba(255, 247, 221, 0.82);\">Member, IT Cell\"</span>', '\"Former Chairman, BOS for B.Sc (Hons.)Mathematics Former Chairman, BOE for B.Sc (Hons.) Mathematics Former Member, API Screening Committee, Kannur University\"', '<span style=\"color: rgb(33, 37, 41); font-family: roboto, sans-serif; font-size: 15px; background-co', '<span style=\"color: rgb(33, 37, 41); font-family: roboto, sans-serif; font-size: 15px; background-color: rgba(255, 247, 221, 0.82);\">Nil</span>', '<span style=\"color: rgb(33, 37, 41); font-family: roboto, sans-serif; font-size: 15px; background-color: rgba(255, 247, 221, 0.82);\">Nil</span> ', 'UAE, Saudi Arabia', 'Nil', '<span style=\"color: rgb(33, 37, 41); font-family: roboto, sans-serif; font-size: 15px; background-color: rgba(254, 217, 103, 0.27);\">Former Examination Chief Superintendent @ KMMGWC</span>', '<span style=\"color: rgb(33, 37, 41); font-family: roboto, sans-serif; font-size: 15px; background-color: rgba(255, 247, 221, 0.82);\">Nil</span>', '<span style=\"color: rgb(33, 37, 41); font-family: roboto, sans-serif; font-size: 15px; background-color: rgba(254, 217, 103, 0.27);\">Sanctioned UGC Minor Research Project on the Applications of Signed Graphs in Social Networks and Chemistry</span>', '<span style=\"color: rgb(33, 37, 41); font-family: roboto, sans-serif; font-size: 15px; background-color: rgba(255, 247, 221, 0.82);\">Mathematical Sociology, Spectral Graph Theory</span>', 'images/645shahul hameed.jpg'),
(226, 106, 'DR. C.P. SANTHOSH', 'MSc, NET, PhD, SET, MEd', 'ASSOCIATE PROFESSOR', 'MATHEMATICS', 'cpsanthosh@kmmgwc.ac.in', '17 Years', '<span style=\"color: rgb(33, 37, 41); font-family: roboto, sans-serif; font-size: 15px; background-color: rgba(255, 247, 221, 0.82);\">3</span>', '<span style=\"color: rgb(33, 37, 41); font-family: roboto, sans-serif; font-size: 15px; background-color: rgba(254, 217, 103, 0.27);\">santhosh</span>', '<span style=\"color: rgb(33, 37, 41); font-family: roboto, sans-serif; font-size: 15px; background-color: rgba(255, 247, 221, 0.82);\">Charge</span>', 'Chairman', '<font color=\"#212529\" face=\"roboto, sans-serif\"><span style=\"font-size: 15px;\">Nil</span></font>', 'Nil', 'Nil ', 'Nil', 'Nil', '<span style=\"color: rgb(33, 37, 41); font-family: roboto, sans-serif; font-size: 15px; background-color: rgba(254, 217, 103, 0.27);\">Chairman</span>', 'Nil', 'Nil', '<span style=\"color: rgb(33, 37, 41); font-family: roboto, sans-serif; font-size: 15px; background-color: rgba(255, 247, 221, 0.82);\">Fuzzy Mathematics</span>', 'images/262dr sandhosh.jpg'),
(227, 106, 'SRI. RAMAKRISHNAN K O', 'MSc, NET, MPhil, BEd, SET', 'ASSISTANT PROFESSOR', 'MATHEMATICS', 'ramakrishnan@kmmgwc.ac.in', '21 Years', '<span style=\"color: rgb(33, 37, 41); font-family: roboto, sans-serif; font-size: 15px; background-color: rgba(255, 247, 221, 0.82);\">Organized National seminar on Discrete Mathematics and its applications(NDMA) on 22nd ans 23rd October 2014.</span>', '<div><span style=\"color: rgb(33, 37, 41); font-family: roboto, sans-serif; font-size: 15px; background-color: rgba(254, 217, 103, 0.27);\">\"1.Ann Oper Res (2006) 141: 283–301</span><br style=\"box-sizing: border-box; color: rgb(33, 37, 41); font-family: roboto, sans-serif; font-size: 15px; background-color: rgba(254, 217, 103, 0.27);\"><span style=\"color: rgb(33, 37, 41); font-family: roboto, sans-serif; font-size: 15px; background-color: rgba(254, 217, 103, 0.27);\">DOI 10.1007/s10479-006-5304-2</span><br style=\"box-sizing: border-box; color: rgb(33, 37, 41); font-family: roboto, sans-serif; font-size: 15px; background-color: rgba(254, 217, 103, 0.27);\"><span style=\"color: rgb(33, 37, 41); font-family: roboto, sans-serif; font-size: 15px; background-color: rgba(254, 217, 103, 0.27);\">Multiserver queue with addressed retrials</span><br style=\"box-sizing: border-box; color: rgb(33, 37, 41); font-family: roboto, sans-serif; font-size: 15px; background-color: rgba(254, 217, 103, 0.27);\"><span style=\"color: rgb(33, 37, 41); font-family: roboto, sans-serif; font-size: 15px; background-color: rgba(254, 217, 103, 0.27);\">V.V. Mushko · M.J. Jacob · K. O. Ramakrishnan ·</span><br style=\"box-sizing: border-box; color: rgb(33, 37, 41); font-family: roboto, sans-serif; font-size: 15px; background-color: rgba(254, 217, 103, 0.27);\"><span style=\"color: rgb(33, 37, 41); font-family: roboto, sans-serif; font-size: 15px; background-color: rgba(254, 217, 103, 0.27);\">A. Krishnamoorthy · A.N. Dudin</span><br style=\"box-sizing: border-box; color: rgb(33, 37, 41); font-family: roboto, sans-serif; font-size: 15px; background-color: rgba(254, 217, 103, 0.27);\"><br style=\"box-sizing: border-box; color: rgb(33, 37, 41); font-family: roboto, sans-serif; font-size: 15px; background-color: rgba(254, 217, 103, 0.27);\"><span style=\"color: rgb(33, 37, 41); font-family: roboto, sans-serif; font-size: 15px; background-color: rgba(254, 217, 103, 0.27);\">2.Inte</span></div><br><div><br></div>', '<span style=\"color: rgb(33, 37, 41); font-family: roboto, sans-serif; font-size: 15px; background-color: rgba(255, 247, 221, 0.82);\">Nodal officer Admission 2017-18</span>', 'HOD ,Mathematics ,2008-10,, 2012-14,, 2016-17', '<span style=\"color: rgb(33, 37, 41); font-family: roboto, sans-serif; font-size: 15px; background-co', '<span style=\"color: rgb(33, 37, 41); font-family: roboto, sans-serif; font-size: 15px; background-color: rgba(254, 217, 103, 0.27);\">Nil</span>', '<span style=\"color: rgb(33, 37, 41); font-family: roboto, sans-serif; font-size: 15px; background-color: rgba(254, 217, 103, 0.27);\">Nil</span> ', 'Nil', 'Nil', '<span style=\"color: rgb(33, 37, 41); font-family: roboto, sans-serif; font-size: 15px; background-color: rgba(254, 217, 103, 0.27);\">Nil</span>', '<span style=\"color: rgb(33, 37, 41); font-family: roboto, sans-serif; font-size: 15px; background-color: rgba(254, 217, 103, 0.27);\">Nil</span>', '<span style=\"color: rgb(33, 37, 41); font-family: roboto, sans-serif; font-size: 15px; background-color: rgba(254, 217, 103, 0.27);\">Nil</span>', '<span style=\"color: rgb(33, 37, 41); font-family: roboto, sans-serif; font-size: 15px; background-color: rgba(255, 247, 221, 0.82);\">Spectral Theory</span>', 'images/222ramakrishnan.jpg'),
(228, 107, 'DR. AYISHABI P.K', 'MSc, NET, PhD, GATE', 'ASSISTANT PROFESSOR', 'PHYSICS', 'aysha@kmmgwc.ac.in', '10 Years', 'Nil', 'Nil', '<span style=\"color: rgb(33, 37, 41); font-family: roboto, sans-serif; font-size: 15px; background-color: rgba(255, 247, 221, 0.82);\">1. Head of the Department</span>', 'Convener of Tutorial Committee', 'Nil', 'Nil', '<span style=\"color: rgb(33, 37, 41); font-family: roboto, sans-serif; font-size: 15px; background-color: rgba(255, 247, 221, 0.82);\">Best paper award in ICRTTAP2020</span> ', 'Nil', 'Nil', 'Nil', 'Nil', 'Nil', '<span style=\"color: rgb(33, 37, 41); font-family: roboto, sans-serif; font-size: 15px; background-color: rgba(255, 247, 221, 0.82);\">Computational Material Science</span>', 'images/539aysha.jpg'),
(229, 107, 'DR. BINU P.J', 'MSc, NET, PhD, BEd', 'ASSOCIATE PROFESSOR', 'PHYSICS', 'binujacob@kmmgwc.ac.in', '16 Years', '<span style=\"color: rgb(33, 37, 41); font-family: roboto, sans-serif; font-size: 15px; background-color: rgba(255, 247, 221, 0.82);\">\"1. National workshop on Special Theory of relativity organized in association with the Academy of Physics Teachers (APT), Kerala during 13-14 February 2016.</span><br style=\"box-sizing: border-box; color: rgb(33, 37, 41); font-family: roboto, sans-serif; font-size: 15px; background-color: rgba(255, 247, 221, 0.82);\"><span style=\"color: rgb(33, 37, 41); font-family: roboto, sans-serif; font-size: 15px; background-color: rgba(255, 247, 221, 0.82);\">2. National Workshop on Magnetostatics organized in association with Academy of Physics Teachers, Kerala during 4-5 June 2016.</span><br style=\"box-sizing: border-box; color: rgb(33, 37, 41); font-family: roboto, sans-serif; font-size: 15px; background-color: rgba(255, 247, 221, 0.82);\"><span style=\"color: rgb(33, 37, 41); font-family: roboto, sans-serif; font-size: 15px; background-color: rgba(255, 247, 221, 0.82);\">3. National workshop on Angular Momentum: Hydrogen Atom Problem in association with Academy of Physics Teachers, Kerala during 14-15 October 2017.\"</span>', '<span style=\"color: rgb(33, 37, 41); font-family: roboto, sans-serif; font-size: 15px; background-color: rgba(254, 217, 103, 0.27);\">\"1. Structural changes, Magnetic properties and Dielectric behaviour of Tb3+ doped Ni-Cd mixed ferrites, Binu P Jacob, Laneesh P, AIP Conf. Proc. 2162(2019)020083-1-8.</span><br style=\"box-sizing: border-box; color: rgb(33, 37, 41); font-family: roboto, sans-serif; font-size: 15px; background-color: rgba(254, 217, 103, 0.27);\"><span style=\"color: rgb(33, 37, 41); font-family: roboto, sans-serif; font-size: 15px; background-color: rgba(254, 217, 103, 0.27);\">2. Effect of Samarium substitution on structural and magnetic properties of magnesium ferrite nanoparticles, Smitha Thankachan, Binu P. Jacob, Sheena Xavier, E M Mohammed, J. Magnetism and Magnetic Materials 348 (2013) 140-45.</span><br style=\"box-sizing: border-box; color: rgb(33, 37, 41); font-family: roboto, sans-serif; font-size: 15px; background-color: rgba(254, 217, 103, 0.27);\"><span style=\"color: rgb(33, 37, 41); font-family: roboto, sans-serif; font-size: 15px; background-color: rgba(254, 217, 103, 0.27);\">3. Effect of Samarium substitution on structural and magnetic properties of nanocrystalline cobalt ferrite, Sheena Xavier, Smitha Thankachan, Binu P. Jacob, E M Mohammed, Journal of Nanoscience, Volume 2013, Article ID 524380, 7 pages.</span><br style=\"box-sizing: border-box; color: rgb(33, 37, 41); font-family: roboto, sans-serif; font-size: 15px; background-color: rgba(254, 217, 103, 0.27);\"><span style=\"color: rgb(33, 37, 41); font-family: roboto, sans-serif; font-size: 15px; background-color: rgba(254, 217, 103, 0.27);\">4. Effect of sintering temperature on the structural and magnetic properties of cobalt ferrite nanoparticles, Sheena Xavier, Smitha Thankachan, Binu P. Jacob, E M Mohammed, Nanosystems: Physics, Chemistry, Mathematics, 2013, 4(3), P. 430-437.</span><br style=\"box-sizing: border-box; color: rgb(33, 37, 41); font-family: roboto, sans-serif; font-size: 15px; background-color: rgba(254, 217, 103, 0.27);\"><span style=\"color: rgb(33, 37, 41); font-family: roboto, sans-serif; font-size: 15px; background-color: rgba(254, 217, 103, 0.27);\">5. Effect of Tb3+ Sub</span>', '<span style=\"color: rgb(33, 37, 41); font-family: roboto, sans-serif; font-size: 15px; background-color: rgba(255, 247, 221, 0.82);\">\"1. EDUSAT Coordinator.</span><br style=\"box-sizing: border-box; color: rgb(33, 37, 41); font-family: roboto, sans-serif; font-size: 15px; background-color: rgba(255, 247, 221, 0.82);\"><span style=\"color: rgb(33, 37, 41); font-family: roboto, sans-serif; font-size: 15px; background-color: rgba(255, 247, 221, 0.82);\">2. Nodal Officer Biometric Punching.</span><br style=\"box-sizing: border-box; color: rgb(33, 37, 41); font-family: roboto, sans-serif; font-size: 15px; background-color: rgba(255, 247, 221, 0.82);\"><span style=\"color: rgb(33, 37, 41); font-family: roboto, sans-serif; font-size: 15px; background-color: rgba(255, 247, 221, 0.82);\">3. Staff Advisor.</span><br style=\"box-sizing: border-box; color: rgb(33, 37, 41); font-family: roboto, sans-serif; font-size: 15px; background-color: rgba(255, 247, 221, 0.82);\"><span style=\"color: rgb(33, 37, 41); font-family: roboto, sans-serif; font-size: 15px; background-color: rgba(255, 247, 221, 0.82);\">4. Technical Committee Convenor.\"</span>', 'Nil', '<span style=\"color: rgb(33, 37, 41); font-family: roboto, sans-serif; font-size: 15px; background-co', '<span style=\"color: rgb(33, 37, 41); font-family: roboto, sans-serif; font-size: 15px; background-color: rgba(254, 217, 103, 0.27);\">Nil</span>', '<span style=\"color: rgb(33, 37, 41); font-family: roboto, sans-serif; font-size: 15px; background-color: rgba(254, 217, 103, 0.27);\">Nil</span> ', 'Nil', 'Nil', '<span style=\"color: rgb(33, 37, 41); font-family: roboto, sans-serif; font-size: 15px; background-color: rgba(254, 217, 103, 0.27);\">Nil</span>', '<span style=\"color: rgb(33, 37, 41); font-family: roboto, sans-serif; font-size: 15px; background-color: rgba(254, 217, 103, 0.27);\">Nil</span>', '<span style=\"color: rgb(33, 37, 41); font-family: roboto, sans-serif; font-size: 15px; background-color: rgba(254, 217, 103, 0.27);\">1.UGC funded minor project- Synthesis of Some Rare Earth Doped Nickel Based Nanoferrites and Investigations on the Effect ', '<span style=\"color: rgb(33, 37, 41); font-family: roboto, sans-serif; font-size: 15px; background-color: rgba(255, 247, 221, 0.82);\">Magnetic nanomaterials.</span>', 'images/153binu.jpg'),
(230, 107, 'SRI. LANEESH P', 'MSc, NET, BEd, GATE, SET', 'ASSISTANT PROFESSOR', 'PHYSICS', 'laneesh@kmmgwc.ac.in', '3 Years', '<span style=\"color: rgb(33, 37, 41); font-family: roboto, sans-serif; font-size: 15px; background-color: rgba(255, 247, 221, 0.82);\">Nil</span>', '<span style=\"color: rgb(33, 37, 41); font-family: roboto, sans-serif; font-size: 15px; background-color: rgba(255, 247, 221, 0.82);\">Nil</span>', '<span style=\"color: rgb(33, 37, 41); font-family: roboto, sans-serif; font-size: 15px; background-color: rgba(255, 247, 221, 0.82);\">Nil</span>', 'Nil', '<span style=\"color: rgb(33, 37, 41); font-family: roboto, sans-serif; font-size: 15px; background-co', '<span style=\"color: rgb(33, 37, 41); font-family: roboto, sans-serif; font-size: 15px; background-color: rgba(255, 247, 221, 0.82);\">Nil</span>', '<span style=\"color: rgb(33, 37, 41); font-family: roboto, sans-serif; font-size: 15px; background-color: rgba(255, 247, 221, 0.82);\">Nil</span> ', 'Nil', 'Nil', '<span style=\"color: rgb(33, 37, 41); font-family: roboto, sans-serif; font-size: 15px; background-color: rgba(254, 217, 103, 0.27);\">\"SSP coordinator 2018-19 SSP coordinator 2019-20\"</span>', '<span style=\"color: rgb(33, 37, 41); font-family: roboto, sans-serif; font-size: 15px; background-color: rgba(255, 247, 221, 0.82);\">Nil</span>', '<span style=\"color: rgb(33, 37, 41); font-family: roboto, sans-serif; font-size: 15px; background-color: rgba(255, 247, 221, 0.82);\">Nil</span>', '<span style=\"color: rgb(33, 37, 41); font-family: roboto, sans-serif; font-size: 15px; background-color: rgba(255, 247, 221, 0.82);\">Thin film</span>', 'images/790laneesh.jpg'),
(231, 107, 'SRI. MUHAMMED SHAFEEQ K C', 'MSc, NET, BEd, SET', 'ASSISTANT PROFESSOR', 'PHYSICS', '', '4 Year', 'Nil', 'Nil', 'Nil', 'Nil', 'Nil', 'Nil', 'Nil ', 'Saudi Arabia', 'Nil', '<span style=\"color: rgb(33, 37, 41); font-family: roboto, sans-serif; font-size: 15px; background-color: rgba(254, 217, 103, 0.27);\">PTA secretary, 2021-22</span>', 'Nil', 'Nil', 'Nil', 'images/398muhammad shafeeq.jpg'),
(232, 117, 'DR. SUHAIL P. K.', 'MA, NET(UGC), Ph.D,B.Ed', 'ASSISTANT PROFESSOR', 'ARABIC', 'suhailtvr@gmail.com', 'UG:11, PG:11', '<span style=\"color: rgb(33, 37, 41); font-family: roboto, sans-serif; font-size: 15px; background-color: rgba(255, 247, 221, 0.82);\">? Coordinator :International Conference on (Contemporary Arabic Literature, Culture and Arts),P.G Department of Arabic, Govt. College, Kasaragod ,February 2020?? Convener : UGC sponsored National workshop on Designing of new generation courses in ?Arabic - Department of Arabic, Govt. College, Kasaragod, January 2015?</span>', 'JOURNAL ARTICLE\r\n\"Features of narrative poetry for children and its importance as a literary genre\", Al Jeel Al Jadeed, Internationla half yearly refereed journal ,ISSN 2581-3455, Vol 3, Issue No. 5, July –December 2019, Centre for Arabic & African Studies, New Delhi\r\n“Arabic Animation and Its Role in the Moulding of New Generation Culturally and Educationally” ,Proceedings of Second International conference on Media Discourse: Dialectic of Language and Ideology ,Jouf University, Kingdom of Saudi Arabia, 25th&26thNovember 2019, ISBN 9-39-8288-603-978, November 2019\r\n“Practicing of Arabic Language as an Instructional Subject in Public Schools of Indian State Kerala” ,Proceedings of Seventh International Arabic Language Conference by Arabic Language International Council ,UNESCO, Arab Universities Union, Arab Bureau of Education for the Gulf states, ALESCO UAE, Dubai ,17-21 April 2018(5days), ISBN: 978-9953-0-2970-2 volume: 1, 2018\r\n“The Poet Muhammad al Haravi and his Poetic Experience”,“Kasara”,Peer Reviewed journal of Humanities, a special issue in Arabic,Vol:7 Issue:1, January-June 2017, ISSN 2320-2580 , P.G. Dept. ofArabic ,Govt. College, Kasaragod.\r\n“Social and educational values in modern children’s poetry”,“Kasara”,journal of Humanities, a special issue in Arabic,Vol:5 Issue:1, 2016, ISSN 2320-2580 , P.G. Dept. of Arabic ,Govt. College, Kasaragod\r\n“Narrative Methods in Modern Children’s Stories and Its Application on the Practice of Language Skills”, “Majallath Al Sabah Lil Buhooth” Peer Reviewed Annual Research Journal, Volume-1, January 2016, ISSN 2454-7824. PG & Research Dept. of Arabic, Farook College, Calicut, Kerala.\r\nProceedings of \"Internet as tool of teaching \" UGC sponsored National workshop on E-Resources for Practicing Arabic Language and Literature, Department of Arabic and Islamic History, MES Mampad college( Autonomous) Mampad, Malappuram ,28th & 29th October 2015,, ISBN 978-81-926873-2-2\r\n“Social and family problems in the short stoies ofSheikha al Nakhi: Collection of short stories ‘ Al Raheel’ as sample” .Proceedings of the International seminar , Dept. of Arabic, University of Kerala, January 2015\r\n“Eulogy to the prophet Mohammed in the modern Arabic poetry for children”,Proceedings of the International seminar on Eulogy to the prophet Mohammed in the modern Arabic poetry. ISSN 0973-0303 ISOEMS-2015, PG & Research Dept.of Arabic, JMC, Thiruchirappalli, Tamil Nadu.\r\n“Patriotism in Modern Arbic Poetry for children” ,Raihan Research journal ,Volume 6 ,Issue 1 2015,ISSN:2394-8493, WMO Arts &science College,Muttil,Wayanadu, Kerala\r\n“Animations and Its Educational dimensions”, “Kasara” Journal of Humanities ISSN 2320-2580,Govt.College Kasaragod Vol-2 January 2013', 'Nil', 'Member : International Council for the Arabic Language Member : Academic Committe for PG Arabic,Shreenarayanaguru Open University Kerala Member : Panel of peer reviewers, MAJALLATHUSSAJ JOURNAL :International Peer Reviewed Annual Arabic Research Journal, MES Mampad College, Malappuram, Kerala Coordinator : International Conference on (Contemporary Arabic Literature, Culture and Arts), P.G Department of Arabic, Govt. College, Kasaragod ,February 2020? Member : Board of studies, UG Arabic, Kannur University, 2015-2017 Member : Board of studies, PG Arabic, Kannur University, 2013-2015? Member : SCERT Kerala , Arabic text book development committee 2011-2015 Associate Editor: ‘Kasara’ Journal of Humanities, Govt. College Kasaragod 2012-2015 Convener : UGC sponsored National work', '<span style=\"color: rgb(33, 37, 41); font-family: roboto, sans-serif; font-size: 15px; background-co', 'INTERNATIONAL LEVEL\r\n“Depiction of Indian Heritage and Culture in the Book ‘ Al IthjahuSharqan’ by Abdulla NasirSulthsn Al Ameri” , International conference on ‘Depiction of India in Arabic Literature’ ,Centre of Arabic and African Studies, Jawaharlal Nehru University, New Delhi, India , 26-28 February 2020\r\n“Arabic Animation and Its Role in the Moulding of New Generation Culturally and Educationally” , Second International conference on Media Discourse: Dialectic of Language and Ideology ,Jouf University, Kingdom of Saudi Arabia, 25th&26thNovember 2019\r\n“The diversity of structure in Arab children’s poetry” , Second International Conference on Literature, Linguistics and Translation ,Tafila Technical University, Tafila, Jordan, 2-4 April 2019\r\n“UAE literature in my Reading Experience”, International Seminar Cum Workshop on Reading Theories on Literature, Department of Arabic, University of Calicut in collaboration with Dar al Yasmin for publishing UAE , 10th, 11th, 12th December 2018.\r\n“Practicing of Arabic Language as an Instructional Subject in Public Schools of Indian State Kerala” in the Seventh International Arabic Language Conference organized by Arabic Language international council , UNESCO, Arab Universities Union at Dubai ,UAE, 17 - 21 April 2018.\r\n“Transmission of Indian Myth to Arabic Through Children’s Stories: Works of KamilKeelani as a sample” , International Seminar on Cultural Exchange between Indian and Arab World throughout the Ages, RoulathulUloom Arabic College & Research Department of Arabic, Farook College , 22nd & 23rd November 2017.\r\n“ Spiritual and Moral Values in Modern Children’s Poetry in Arabic” , Saudi Pavilion , KSA Embassy to UAE in connection with SharjahInternational Book Fair , UAE, 02- 12 November 2016\r\n“Arab Culture in Children’s Poetry of Emirate Poet Dr. Arif al Sheikh” ,International Seminar on Arab Culture,UAE Heritage And Translation, Department of Arabic, University of Calicut in collaboration with Dar al Yasmin for publishing UAE , 18th & 19th July 2016.\r\n“Peculiar Steps of Anvarullah al Faruqy in designing of Educational Activities”, International Seminar on Contribution of Al- ShaikhMuhammedAnwarullahAl Farooqi to the Reformation of the Contemporary Society” ,Dept. of Arabic, University college of science, Osmania University, Hyderabad ,India, 5th & 6th March 2016.\r\n“Strengthening Social Values Through Children’s Poetry ” , International seminar on Origin and Development of Children’s Literature in Arabic, Department of Arabic, University of Kerala , 27-29 January 2016\r\n“Eulogy to the Holy Prophet Mohammed in Arabic Poetry for Children ”, International seminar on Eulogy to the Holy Prophet Mohammed in the Modern Arabic Poetry, P.G& Research department of Arabic JMC college (Autonomous) Tiruchirappally ,Tamilnadu, India,9th December 2015.\r\n“Social and family issues in the short stories of Shaikha al Nakhi: Collection of stories Al Raheel as a sample”,International seminar on Arabic Language &Literature : A Contemporary View, Department of Arabic, University of Kerala , 5-7 February 2015\r\n“ Narrative methods in Modern Children’s stories and its application in practicing language skills”,International seminar on Development of Stories and Novels in the Modern Period, P.G& Research department of Arabic JMC college (Autonomous) Tiruchirappally ,Tamilnadu, India on 20th & 21st January 2015.\r\nNATIONAL LEVEL\r\n“Use of Information Technology in developing the Arabic Language Teaching Process” ,National Conference on Arabic Language and the Challenges of Advancement, Department of Arabic, University of Kerala in collaboration with King Abdulla Bin Abdul Aziz International Centre for Arabic Language Riyadh & Office of Cultural Attaché ,Royal Embassy of KSA ,New Delhi , 19th December 2018.\r\n“Development of Children’s Poetry in Arabic Literature”, National Seminar on Children’s Literature :The Evergreen Genre of Arabic Literature, Research Department of Arabic, Maharaja’s college Eranakulam, Kerala, 23rd January 2018.\r\n“Arab contribution to the development of Linguistics” , National Seminar on Intellectual Achievements of Arabs: An Investigatory Approach, P.G. Department of Arabic, Govt. College, Kasaragod , 14 - 16 November 2016\r\n“Innovative Teaching Strategies : Web Based Teaching and Learning” , UGC sponsored National Seminar on Innovative Methods and strategies in Arabic Language Teaching & Learning, Department of Arabic, KeyiSahib Training College, Taliparamba ,Kannur , 2nd & 3rd March 2016.\r\n“ Effective Method of Arabic Teaching ” , National Seminar on Innovative Teaching and Learning Methods of Arabic, P.G. Department of Arabic, Govt. College, Kasaragod , 18th February 2016\r\n“Poetic Work ‘HabeebathiBiladi’ by Dr. Arif al Shaikh : An Announcement of Unity and Sovereignty” , National seminar on Reflections of Arab Political Unrest in Gulf Poetry , Department of Arabic ,Thunchan Memorial Govt. College, Tirur ,Malappuram, 11th & 12th February 2016.\r\n“Internet as a Tool of Teching” , UGC sponsored National workshop on E-Resources for Practicing Arabic Language and Literature, Department of Arabic and Islamic History, MES Mampad college( Autonomous) Mampad, Malappuram,28th & 29th October 2015.\r\n“Relevance of Arabic Language Teaching and Learning in Kerala” ,National seminar on Institutions and Facilities for Teaching and Learning Arabic in Kerala, DarulIrshad Arabic College, Paral ,Kannur , 29th & 30th September 2015.\r\n“ Importance of skill oriented courses in Arabic ” , UGC sponsored National workshop on Designing of New Generation Courses in Arabic, P.G. Department of Arabic, Govt. College, Kasaragod on 6-8 January 2015.\r\n“E-Learning techniques and strategies in Arabic Language teaching” ,UGC sponsored National workshop on E-Learning techniques and strategies in Arabic Language teaching, Keyi Sahib Training College, Taliparamba ,Kannur , 22nd & 23rd January 2014.\r\n“ Similarities between Malayalam and Arabic fictions” ,National seminar on Malayalam – Arabic fiction translation , Department of Arabic, Government Brennan College, Thalassery, Kannur , 7th & 8th January 2014.\r\n“ Abdulla al Barduni:A symbol of disabled literature ” , National Seminar on The captive speak : Placing Arabic literature in post-colonial perspective , Department of Arabic, Govt. College, Malappuram on 17th & 18th December 2013\r\n“ Contributions of Arabic poets in Kerala to the enrichment of modern Arabic poetry ”, National Seminar on Heritage of India in the development of Arabic Language & Literature, P.G. Department of Arabic, Govt. College, Kasaragod , 30th & 31st October 2013\r\n“ Arabic animations and its educational dimensions in new generation” , National Seminar on Relevance of Arabic as Informative and Commercial Language, P.G. Department of Arabic, Govt. College, Kasaragod , 11th & 12th December 2012\r\n“Scrutinization of Children’s poetry on patriotic view” , National Seminar on Patriotism in modern Arabic poetry ,Research department of Arabic, Maharaja’s college Eranakulam , 15th December 2011.\r\n“ Poems of Hashim Al-Rifayi: A green light to freedom” , National Seminar on Features of Revolutions in Arabic Literature , P.G. Department of Arabic, Govt. College, Kasaragod , 12th & 13th December 2011.\r\n“E- Content Language teaching material in Arabic” , UGC sponsored National workshop on E-content authoring in language teaching ,Keyi Sahib Training College, Taliparamba ,Kannur , 23rd & 24th November 2011.', ' Nil', 'UAE KSA Qatar Jordan', 'Nil', 'Nil', '<span style=\"color: rgb(33, 37, 41); font-family: roboto, sans-serif; font-size: 15px; background-color: rgba(255, 247, 221, 0.82);\">Guided Dissertation works of PG Arabic students: 20</span>', '<span style=\"color: rgb(33, 37, 41); font-family: roboto, sans-serif; font-size: 15px; background-color: rgba(254, 217, 103, 0.27);\">Minor Research Project sanctioned by the UGC entitled “Scrutinization of Patriotic Modern Arabic Poems For Children” ,2013', 'Nil', 'images/329108Dr.-Suhail-PK.jpg'),
(233, 110, 'ROSHINI T.K', 'MSc, NET, M.Tech CSE', 'ASSISTANT PROFESSOR', 'COMPUTER SCIENCE', 'roshini@kmmgwc.ac.in', '10 Years', '<span style=\"color: rgb(33, 37, 41); font-family: roboto, sans-serif; font-size: 15px; background-color: rgba(254, 217, 103, 0.27);\">Nil</span>', '<span style=\"color: rgb(33, 37, 41); font-family: roboto, sans-serif; font-size: 15px; background-color: rgba(254, 217, 103, 0.27);\">Nil</span>', '<span style=\"color: rgb(33, 37, 41); font-family: roboto, sans-serif; font-size: 15px; background-color: rgba(255, 247, 221, 0.82);\">Head of the Department</span>', 'Nil', '<span style=\"color: rgb(33, 37, 41); font-family: roboto, sans-serif; font-size: 15px; background-co', '<span style=\"color: rgb(33, 37, 41); font-family: roboto, sans-serif; font-size: 15px; background-color: rgba(254, 217, 103, 0.27);\">Nil</span>', '<span style=\"color: rgb(33, 37, 41); font-family: roboto, sans-serif; font-size: 15px; background-color: rgba(254, 217, 103, 0.27);\">Nil</span> ', 'Nil', 'Nil', '<span style=\"color: rgb(33, 37, 41); font-family: roboto, sans-serif; font-size: 15px; background-color: rgba(254, 217, 103, 0.27);\">Nil</span>', '<span style=\"color: rgb(33, 37, 41); font-family: roboto, sans-serif; font-size: 15px; background-color: rgba(254, 217, 103, 0.27);\">Nil</span>', '<span style=\"color: rgb(33, 37, 41); font-family: roboto, sans-serif; font-size: 15px; background-color: rgba(254, 217, 103, 0.27);\">Nil</span>', '<span style=\"color: rgb(33, 37, 41); font-family: roboto, sans-serif; font-size: 15px; background-color: rgba(254, 217, 103, 0.27);\">Nil</span>', 'images/748roshni.jpg'),
(234, 110, 'AFRA M.K', 'MCA, M. Phil. Computer Science,NET', 'ASSISTANT PROFESSOR', 'COMPUTER SCIENCE', 'afra@kmmgwc.ac.in', '10 Years', 'Nil', 'Nil', 'Nil', 'Nil', 'Nil', 'Nil', 'Nil ', 'Nil', 'Nil', 'Nil', 'Nil', 'Nil', 'Nil', 'images/327afra mk.jpg'),
(235, 102, 'DR. RAJESH R', 'MA, NET, PhD, BEd, SET, TTC AND PG DIPLOMA IN TRANSLATION', 'ASSISTANT PROFESSOR', 'HINDI', 'rajpanakkal@kmmgwc.ac.in', '3 Years', 'Nil', '\"1. \'MAHANAGAREEYA JEEVAN MEIM VYAAPTH AMAANAVEEYATHA KA DATAVEZ : DILLI MEIN EK MAUTH\' - SANGKUTAJ MEINRANTHAN, HINDI VIDYA PEETH, TRIVANDRUM, ISSN 2278-6880\r\n\r\n2. \'MADHYA VARGEEY JEEVAN KA YATHARTH', '\"COLLEGE COUNSEL MEMEBR 2018-2019, 2019-2020 AND 2020-2021\r\nPURCHASE COMMITTEE MEMBER 2019-2020 & 2020-2021\r\nIQAC, NAAC & UGC CELL MEMBER 2019-2020 AND 2020-2021\r\nADMISSION INCHARGE B.COM COURSE 2018-2019, BA HISTORY 2019-2020\r\nSSP CO ORDINATOR 2019-2020\r\nASAP MEMBER 2018-2019\r\nANTI DRUGS CELL TEACHER REPRESENTATIVE 2018-2019\r\nUG ADMISSION NODAL OFFICER 2020-2021\r\nRUSA MEMBER 2019-2020\"', '\"STAFF ADVISOR GOVT COLLEGE THALASSERY 2019-2020\r\nCOLLEGE UNION MAGAZINE STAFF EDITOR 2018-2019\r\nARTS COMMITTEE CO ORDINATOR 2018-2019, 2019-2020 & 2020-2021\r\nSAHITHYA VEDI MEMBER 2018-2019, 2020-2021\r\nSTUDENTS UNION ELECTION RETURNING OFFICER 2019-2020\r\nYOUNG INNOVATIVE PROGRAMME(YYP) FACILITATOR 2019-2020 AND 2020-2021\"', 'Nil', 'Nil', 'Nil ', 'Nil', 'Nil', '<span style=\"color: rgb(33, 37, 41); font-family: roboto, sans-serif; font-size: 15px; background-color: rgba(254, 217, 103, 0.27);\">\"LANGUAGE LABORATARY COMMITTEE CONVENOR 2019-2020</span>', 'Nil', 'Nil', '<span style=\"color: rgb(33, 37, 41); font-family: roboto, sans-serif; font-size: 15px; background-color: rgba(255, 247, 221, 0.82);\">HINDI ESSAYS IN BETWEEN 1900-1920</span>', 'images/406rajesh.jpg'),
(236, 111, 'DR SHYAMNATH K', 'NET, MPhil, PhD, MPES', 'ASSISTANT PROFESSOR', 'PHYSICAL EDUCATION', 'shyamnath@kmmgwc.ac.in', '6 Years', '<span style=\"color: rgb(33, 37, 41); font-family: roboto, sans-serif; font-size: 15px; background-color: rgba(255, 247, 221, 0.82);\">Nil</span>', '<span style=\"color: rgb(33, 37, 41); font-family: roboto, sans-serif; font-size: 15px; background-color: rgba(255, 247, 221, 0.82);\">Nil</span>', '<span style=\"color: rgb(33, 37, 41); font-family: roboto, sans-serif; font-size: 15px; background-color: rgba(255, 247, 221, 0.82);\">Coordinator RUSA</span>', 'Nil', '<span style=\"color: rgb(33, 37, 41); font-family: roboto, sans-serif; font-size: 15px; background-co', '<span style=\"color: rgb(33, 37, 41); font-family: roboto, sans-serif; font-size: 15px; background-color: rgba(255, 247, 221, 0.82);\">Nil</span>', '<span style=\"color: rgb(33, 37, 41); font-family: roboto, sans-serif; font-size: 15px; background-color: rgba(255, 247, 221, 0.82);\">Nil</span> ', 'Nil', 'Nil', '<span style=\"color: rgb(33, 37, 41); font-family: roboto, sans-serif; font-size: 15px; background-color: rgba(255, 247, 221, 0.82);\">Nil</span>', '<span style=\"color: rgb(33, 37, 41); font-family: roboto, sans-serif; font-size: 15px; background-color: rgba(255, 247, 221, 0.82);\">Nil</span>', '<span style=\"color: rgb(33, 37, 41); font-family: roboto, sans-serif; font-size: 15px; background-color: rgba(255, 247, 221, 0.82);\">Nil</span>', '<span style=\"color: rgb(33, 37, 41); font-family: roboto, sans-serif; font-size: 15px; background-color: rgba(255, 247, 221, 0.82);\">Nil</span>', 'images/867shyam.jpg'),
(237, 114, 'PRAMESH A', 'MA, NET, BEd, SET', 'ASSISTANT PROFESSOR', 'POLITICAL SCIENCE', 'pramesh@kmmgwc.ac.in', '10 Years', '<span style=\"color: rgb(33, 37, 41); font-family: roboto, sans-serif; font-size: 15px; background-color: rgba(255, 247, 221, 0.82);\">Nil</span>', '<span style=\"color: rgb(33, 37, 41); font-family: roboto, sans-serif; font-size: 15px; background-color: rgba(255, 247, 221, 0.82);\">Nil</span>', '<span style=\"color: rgb(33, 37, 41); font-family: roboto, sans-serif; font-size: 15px; background-color: rgba(255, 247, 221, 0.82);\">ASAP CORDINATOR</span>', 'Nil', '<span style=\"color: rgb(33, 37, 41); font-family: roboto, sans-serif; font-size: 15px; background-co', '<span style=\"color: rgb(33, 37, 41); font-family: roboto, sans-serif; font-size: 15px; background-color: rgba(254, 217, 103, 0.27);\">Seven</span>', '<span style=\"color: rgb(33, 37, 41); font-family: roboto, sans-serif; font-size: 15px; background-color: rgba(255, 247, 221, 0.82);\">Nil</span> ', 'Nil', 'Nil', '<span style=\"color: rgb(33, 37, 41); font-family: roboto, sans-serif; font-size: 15px; background-color: rgba(255, 247, 221, 0.82);\">Nil</span>', '<span style=\"color: rgb(33, 37, 41); font-family: roboto, sans-serif; font-size: 15px; background-color: rgba(255, 247, 221, 0.82);\">Nil</span>', '<span style=\"color: rgb(33, 37, 41); font-family: roboto, sans-serif; font-size: 15px; background-color: rgba(254, 217, 103, 0.27);\">Minor research by UGC</span>', '<span style=\"color: rgb(33, 37, 41); font-family: roboto, sans-serif; font-size: 15px; background-color: rgba(255, 247, 221, 0.82);\">Nil</span>', 'images/928pramesh.jpg'),
(238, 115, 'DR. SAPNA O P', 'PhD', 'ASSISTANT PROFESSOR', 'Sanskrit', 'sapnasanskrit@kmmgwc.ac.in', '9 Years', '<span style=\"color: rgb(33, 37, 41); font-family: roboto, sans-serif; font-size: 15px; background-color: rgba(255, 247, 221, 0.82);\">1. Relevance of Astangayoga in the stress afflicted society @ Three day national seminar on Indian Philosophy conducted by Dept. Of Sanskrit, Govt. Victoria College, Palakkad.</span>', '<span style=\"color: rgb(33, 37, 41); font-family: roboto, sans-serif; font-size: 15px; background-color: rgba(254, 217, 103, 0.27);\">\"1.Sapna O.P.(2015), Contribution of Paccumuthath to language and literature, Brennen journal of multidisciplinary studies,2231-5489</span><br style=\"box-sizing: border-box; color: rgb(33, 37, 41); font-family: roboto, sans-serif; font-size: 15px; background-color: rgba(254, 217, 103, 0.27);\"><span style=\"color: rgb(33, 37, 41); font-family: roboto, sans-serif; font-size: 15px; background-color: rgba(254, 217, 103, 0.27);\">2.---------(2016), Contribution of Karthika Tirunal to Sanskrit Li</span>', 'Nil', 'Teacher in charge-Jeevani', 'Nil', 'Nil', 'Nil ', '', 'Nil', 'Nil', 'Nil', 'Nil', '<span style=\"color: rgb(33, 37, 41); font-family: roboto, sans-serif; font-size: 15px; background-color: rgba(255, 247, 221, 0.82);\">Cultural Studies</span>', 'images/462sapna.jpg'),
(239, 116, 'SRI. SIRAJUDDEEN P K', 'MSc, MPhil', 'ASSISTANT PROFESSOR', 'Statistics', 'sirajpk@kmmgwc.ac.in', '12 Years', '<span style=\"color: rgb(33, 37, 41); font-family: roboto, sans-serif; font-size: 15px; background-color: rgba(255, 247, 221, 0.82);\">Nil</span>', '<span style=\"color: rgb(33, 37, 41); font-family: roboto, sans-serif; font-size: 15px; background-color: rgba(255, 247, 221, 0.82);\">Nil</span>', '<span style=\"color: rgb(33, 37, 41); font-family: roboto, sans-serif; font-size: 15px; background-color: rgba(255, 247, 221, 0.82);\">Chairman, Kannur University (UG)Examination</span>', 'Nil', '<span style=\"color: rgb(33, 37, 41); font-family: roboto, sans-serif; font-size: 15px; background-co', '<span style=\"color: rgb(33, 37, 41); font-family: roboto, sans-serif; font-size: 15px; background-color: rgba(255, 247, 221, 0.82);\">Nil</span>', '<span style=\"color: rgb(33, 37, 41); font-family: roboto, sans-serif; font-size: 15px; background-color: rgba(255, 247, 221, 0.82);\">Nil</span> ', 'Nil', 'Nil', '<span style=\"color: rgb(33, 37, 41); font-family: roboto, sans-serif; font-size: 15px; background-color: rgba(255, 247, 221, 0.82);\">Nil</span>', '<span style=\"color: rgb(33, 37, 41); font-family: roboto, sans-serif; font-size: 15px; background-color: rgba(255, 247, 221, 0.82);\">Nil</span>', '<span style=\"color: rgb(33, 37, 41); font-family: roboto, sans-serif; font-size: 15px; background-color: rgba(255, 247, 221, 0.82);\">Nil</span>', '<span style=\"color: rgb(33, 37, 41); font-family: roboto, sans-serif; font-size: 15px; background-color: rgba(255, 247, 221, 0.82);\">Nil</span>', 'images/920sirajudeen.jpg');

--
-- Indexes for dumped tables
--

--
-- Indexes for table `addgallery`
--
ALTER TABLE `addgallery`
  ADD PRIMARY KEY (`id`);

--
-- Indexes for table `addphoto`
--
ALTER TABLE `addphoto`
  ADD PRIMARY KEY (`id`);

--
-- Indexes for table `calender`
--
ALTER TABLE `calender`
  ADD PRIMARY KEY (`id`);

--
-- Indexes for table `department`
--
ALTER TABLE `department`
  ADD PRIMARY KEY (`id`);

--
-- Indexes for table `latestnews`
--
ALTER TABLE `latestnews`
  ADD PRIMARY KEY (`id`);

--
-- Indexes for table `login`
--
ALTER TABLE `login`
  ADD PRIMARY KEY (`id`);

--
-- Indexes for table `staff`
--
ALTER TABLE `staff`
  ADD PRIMARY KEY (`id`);

--
-- AUTO_INCREMENT for dumped tables
--

--
-- AUTO_INCREMENT for table `addgallery`
--
ALTER TABLE `addgallery`
  MODIFY `id` int(11) NOT NULL AUTO_INCREMENT, AUTO_INCREMENT=2;

--
-- AUTO_INCREMENT for table `addphoto`
--
ALTER TABLE `addphoto`
  MODIFY `id` int(11) NOT NULL AUTO_INCREMENT, AUTO_INCREMENT=24;

--
-- AUTO_INCREMENT for table `calender`
--
ALTER TABLE `calender`
  MODIFY `id` int(10) NOT NULL AUTO_INCREMENT, AUTO_INCREMENT=7;

--
-- AUTO_INCREMENT for table `department`
--
ALTER TABLE `department`
  MODIFY `id` int(11) NOT NULL AUTO_INCREMENT, AUTO_INCREMENT=118;

--
-- AUTO_INCREMENT for table `latestnews`
--
ALTER TABLE `latestnews`
  MODIFY `id` int(11) NOT NULL AUTO_INCREMENT;

--
-- AUTO_INCREMENT for table `login`
--
ALTER TABLE `login`
  MODIFY `id` int(11) NOT NULL AUTO_INCREMENT, AUTO_INCREMENT=23;

--
-- AUTO_INCREMENT for table `staff`
--
ALTER TABLE `staff`
  MODIFY `id` int(11) NOT NULL AUTO_INCREMENT, AUTO_INCREMENT=240;
COMMIT;

/*!40101 SET CHARACTER_SET_CLIENT=@OLD_CHARACTER_SET_CLIENT */;
/*!40101 SET CHARACTER_SET_RESULTS=@OLD_CHARACTER_SET_RESULTS */;
/*!40101 SET COLLATION_CONNECTION=@OLD_COLLATION_CONNECTION */;
